Id,MSSubClass,MSZoning,LotFrontage,LotArea,Street,Alley,LotShape,LandContour,Utilities,LotConfig,LandSlope,Neighborhood,Condition1,Condition2,BldgType,HouseStyle,OverallQual,OverallCond,YearBuilt,YearRemodAdd,RoofStyle,RoofMatl,Exterior1st,Exterior2nd,MasVnrType,MasVnrArea,ExterQual,ExterCond,Foundation,BsmtQual,BsmtCond,BsmtExposure,BsmtFinType1,BsmtFinSF1,BsmtFinType2,BsmtFinSF2,BsmtUnfSF,TotalBsmtSF,Heating,HeatingQC,CentralAir,Electrical,1stFlrSF,2ndFlrSF,LowQualFinSF,GrLivArea,BsmtFullBath,BsmtHalfBath,FullBath,HalfBath,BedroomAbvGr,KitchenAbvGr,KitchenQual,TotRmsAbvGrd,Functional,Fireplaces,FireplaceQu,GarageType,GarageYrBlt,GarageFinish,GarageCars,GarageArea,GarageQual,GarageCond,PavedDrive,WoodDeckSF,OpenPorchSF,EnclosedPorch,3SsnPorch,ScreenPorch,PoolArea,PoolQC,Fence,MiscFeature,MiscVal,MoSold,YrSold,SaleType,SaleCondition
1,50,C (all),105,8470,Pave,NA,IR1,Lvl,AllPub,Corner,Gtl,IDOTRR,Feedr,Feedr,1Fam,1.5Fin,3,2,1915,1982,Hip,CompShg,Plywood,Plywood,None,0,Fa,Fa,CBlock,TA,Fa,No,Unf,0,Unf,0,1013,1013,GasA,TA,N,SBrkr,1013,0,513,1526,0,0,1,0,2,1,Fa,6,Typ,0,NA,NA,NA,NA,0,0,NA,NA,N,0,0,156,0,0,0,NA,MnPrv,NA,0,10,2009,ConLD,Abnorml
2,20,RL,NA,13500,Pave,NA,Reg,Lvl,AllPub,Inside,Gtl,ClearCr,Norm,Norm,1Fam,1Story,6,7,1960,1975,Flat,CompShg,BrkFace,Plywood,None,0,TA,TA,CBlock,Gd,TA,Gd,BLQ,429,ALQ,1080,93,1602,GasA,Gd,Y,SBrkr,1252,0,0,1252,1,0,1,0,1,1,TA,4,Typ,1,Gd,Attchd,1960,RFn,2,564,TA,TA,Y,409,0,0,0,0,0,NA,NA,NA,0,3,2008,WD,Normal
3,50,RL,92,7438,Pave,NA,IR1,Lvl,AllPub,Inside,Gtl,BrkSide,RRAn,Feedr,1Fam,1.5Fin,5,8,1908,1991,Gable,CompShg,AsbShng,Plywood,None,0,TA,TA,PConc,Fa,TA,No,Unf,0,Unf,0,504,504,GasA,Gd,Y,SBrkr,936,316,0,1252,0,0,1,0,3,1,TA,5,Typ,0,NA,Attchd,1986,Unf,2,576,TA,TA,Y,104,0,0,0,0,0,NA,MnPrv,NA,0,6,2006,WD,Normal
4,50,RL,NA,159000,Pave,NA,IR2,Low,AllPub,CulDSac,Sev,ClearCr,Norm,Norm,1Fam,1.5Fin,6,7,1958,2006,Gable,CompShg,Wd Sdng,HdBoard,BrkCmn,472,Gd,TA,CBlock,Gd,TA,Gd,Rec,697,Unf,0,747,1444,GasA,Gd,Y,SBrkr,1444,700,0,2144,0,1,2,0,4,1,Gd,7,Typ,2,TA,Attchd,1958,Fin,2,389,TA,TA,Y,0,98,0,0,0,0,NA,NA,Shed,500,6,2007,WD,Normal
5,20,RL,62,70761,Pave,NA,IR1,Low,AllPub,Inside,Mod,ClearCr,Norm,Norm,1Fam,1Story,7,5,1975,1975,Gable,WdShngl,Plywood,Plywood,None,0,TA,TA,CBlock,Gd,TA,Gd,ALQ,655,Unf,0,878,1533,GasA,TA,Y,SBrkr,1533,0,0,1533,1,0,2,0,2,1,Gd,5,Typ,2,TA,Attchd,1975,Unf,2,576,TA,TA,Y,200,54,0,0,0,0,NA,NA,NA,0,12,2006,WD,Normal
6,30,RL,63,13907,Pave,NA,Reg,Lvl,AllPub,Inside,Gtl,Edwards,Norm,Norm,1Fam,1Story,5,6,1940,1969,Gable,CompShg,WdShing,Wd Shng,None,0,TA,TA,CBlock,TA,TA,No,BLQ,290,Unf,0,706,996,GasA,Ex,Y,SBrkr,996,0,0,996,1,0,1,0,3,1,TA,6,Typ,1,Gd,NA,NA,NA,0,0,NA,NA,Y,144,0,0,0,0,0,NA,NA,NA,0,7,2008,WD,Normal
7,80,RL,82,9020,Pave,NA,Reg,Lvl,AllPub,Corner,Gtl,NAmes,Feedr,Norm,1Fam,SLvl,6,5,1964,1964,Gable,WdShngl,Plywood,Wd Sdng,BrkFace,259,TA,TA,CBlock,TA,TA,Gd,GLQ,624,Rec,336,288,1248,GasA,TA,Y,SBrkr,1350,0,0,1350,1,0,1,1,3,1,TA,6,Typ,0,NA,Attchd,1964,RFn,2,520,TA,TA,Y,176,0,0,0,0,0,NA,GdPrv,NA,0,6,2008,WD,Normal
8,190,RL,60,9873,Pave,NA,Reg,Lvl,AllPub,Inside,Gtl,BrkSide,RRAn,Norm,2fmCon,1Story,4,5,1970,1970,Gable,CompShg,HdBoard,HdBoard,BrkFace,160,TA,TA,CBlock,TA,TA,Av,ALQ,789,Unf,0,171,960,GasW,TA,N,SBrkr,960,0,0,960,1,0,1,0,3,1,TA,6,Typ,0,NA,Detchd,1970,Unf,2,576,TA,TA,Y,0,288,0,0,0,0,NA,NA,NA,0,5,2006,WD,Normal
9,160,RM,21,1533,Pave,NA,Reg,Lvl,AllPub,Inside,Gtl,MeadowV,Norm,Norm,Twnhs,2Story,4,6,1970,2008,Gable,CompShg,CemntBd,CmentBd,None,0,TA,TA,CBlock,TA,TA,No,Unf,0,Unf,0,546,546,GasA,TA,Y,SBrkr,798,546,0,1344,0,0,1,1,3,1,TA,6,Typ,1,TA,NA,NA,NA,0,0,NA,NA,Y,0,0,0,0,0,0,NA,NA,NA,0,5,2009,WD,Normal
10,50,RL,60,10800,Pave,Grvl,Reg,Lvl,AllPub,Inside,Gtl,OldTown,Norm,Norm,1Fam,1.5Fin,5,8,1936,1989,Gable,CompShg,Wd Sdng,Wd Sdng,None,0,TA,TA,CBlock,Fa,TA,No,ALQ,626,Unf,0,170,796,GasA,Gd,Y,SBrkr,1096,370,0,1466,0,1,2,0,3,1,Gd,7,Min1,1,TA,Attchd,1950,Unf,2,566,TA,TA,Y,436,21,0,0,0,0,NA,NA,Shed,500,4,2006,WD,Normal
11,20,RL,80,8800,Pave,NA,Reg,Lvl,AllPub,Inside,Gtl,NAmes,Norm,Norm,1Fam,1Story,6,6,1964,1964,Hip,CompShg,HdBoard,HdBoard,BrkFace,425,TA,TA,CBlock,TA,TA,No,BLQ,553,Unf,0,698,1251,GasA,TA,Y,SBrkr,1251,0,0,1251,1,0,1,0,3,1,TA,6,Typ,2,Gd,Attchd,1964,RFn,1,461,TA,TA,Y,0,116,0,0,0,0,NA,MnPrv,Shed,700,3,2006,WD,Normal
12,20,RL,73,7100,Pave,NA,IR1,Lvl,AllPub,Corner,Gtl,NAmes,Norm,Norm,1Fam,1Story,5,7,1957,1957,Gable,CompShg,WdShing,Wd Shng,None,0,TA,TA,CBlock,TA,TA,No,GLQ,708,Unf,0,108,816,GasA,TA,Y,FuseA,816,0,0,816,1,0,1,0,2,1,TA,5,Typ,0,NA,Detchd,1957,Unf,1,308,TA,TA,Y,0,0,0,0,0,0,NA,NA,NA,0,7,2006,WD,Normal
13,160,RL,24,2280,Pave,NA,Reg,Lvl,AllPub,Inside,Gtl,NPkVill,Norm,Norm,Twnhs,2Story,6,5,1978,1978,Gable,CompShg,Plywood,Brk Cmn,None,0,TA,TA,CBlock,Gd,TA,No,ALQ,311,Unf,0,544,855,GasA,Fa,Y,SBrkr,855,601,0,1456,0,0,2,1,3,1,TA,7,Typ,1,TA,Attchd,1978,Unf,2,440,TA,TA,Y,26,0,0,0,0,0,NA,NA,NA,0,7,2010,WD,Normal
14,20,RL,NA,14778,Pave,NA,IR1,Low,AllPub,CulDSac,Gtl,Crawfor,PosN,Norm,1Fam,1Story,6,7,1954,2006,Hip,CompShg,HdBoard,HdBoard,BrkFace,72,Gd,TA,CBlock,TA,TA,No,BLQ,728,Unf,0,568,1296,GasA,Ex,Y,SBrkr,1640,0,0,1640,1,0,1,0,3,1,Gd,7,Typ,1,Gd,Detchd,1993,Unf,2,924,TA,TA,Y,108,0,0,216,0,0,NA,NA,NA,0,11,2008,WD,Normal
15,20,RL,109,8724,Pave,NA,Reg,Lvl,AllPub,Inside,Gtl,Sawyer,Norm,Norm,1Fam,1Story,5,5,1968,1968,Gable,CompShg,VinylSd,VinylSd,None,0,TA,TA,CBlock,Gd,TA,No,BLQ,492,Unf,0,402,894,GasA,Gd,Y,SBrkr,894,0,0,894,0,0,1,0,3,1,TA,5,Typ,1,Po,Attchd,1968,Fin,2,450,TA,TA,Y,0,0,0,0,0,0,NA,NA,NA,0,5,2007,WD,Normal
16,90,RL,60,12900,Pave,NA,Reg,Lvl,AllPub,Inside,Gtl,Sawyer,Feedr,Norm,Duplex,SFoyer,4,4,1969,1969,Gable,CompShg,Plywood,Plywood,None,0,TA,TA,CBlock,Gd,TA,Av,GLQ,1198,Unf,0,0,1198,GasA,TA,Y,SBrkr,1258,0,0,1258,2,0,0,2,0,2,TA,6,Typ,0,NA,CarPort,1969,Unf,2,400,Fa,TA,Y,120,0,0,0,0,0,NA,NA,NA,0,1,2008,WD,Alloca
17,80,RL,NA,16157,Pave,NA,IR1,Lvl,AllPub,FR2,Gtl,Veenker,Feedr,Norm,1Fam,SLvl,5,7,1978,1978,Gable,CompShg,Plywood,Plywood,None,0,TA,TA,PConc,Gd,TA,Gd,ALQ,680,Rec,391,289,1360,GasA,Ex,Y,SBrkr,1432,0,0,1432,1,0,1,1,2,1,Gd,5,Typ,1,TA,Attchd,1978,Unf,2,588,TA,TA,Y,168,180,0,0,0,0,NA,NA,NA,0,6,2007,WD,Normal
18,20,RL,79,9541,Pave,NA,IR1,Lvl,AllPub,Inside,Gtl,NridgHt,Norm,Norm,1Fam,1Story,7,5,2009,2009,Gable,CompShg,VinylSd,VinylSd,Stone,268,Gd,TA,PConc,Gd,TA,No,Unf,0,Unf,0,1502,1502,GasA,Ex,Y,SBrkr,1502,0,0,1502,0,0,2,0,3,1,Gd,7,Typ,0,NA,Attchd,2009,RFn,2,644,TA,TA,Y,0,114,0,0,0,0,NA,NA,NA,0,9,2009,New,Partial
19,20,RL,64,10475,Pave,NA,IR1,Lvl,AllPub,Corner,Gtl,CollgCr,Norm,Norm,1Fam,1Story,8,5,2008,2008,Gable,CompShg,VinylSd,VinylSd,Stone,72,Gd,TA,PConc,Gd,TA,Av,Unf,0,Unf,0,1694,1694,GasA,Ex,Y,SBrkr,1694,0,0,1694,0,0,2,0,3,1,Gd,7,Typ,0,NA,Attchd,2008,RFn,3,776,TA,TA,Y,160,33,0,0,0,0,NA,NA,NA,0,2,2010,WD,Normal
20,60,RL,58,10852,Pave,NA,IR1,Lvl,AllPub,Inside,Gtl,Gilbert,RRAn,Norm,1Fam,2Story,6,5,2000,2000,Gable,CompShg,VinylSd,VinylSd,None,0,TA,TA,PConc,Gd,TA,No,GLQ,786,Unf,0,173,959,GasA,Ex,Y,SBrkr,959,712,0,1671,1,0,2,1,3,1,TA,7,Typ,1,TA,Attchd,2000,Fin,2,472,TA,TA,Y,0,38,0,0,0,0,NA,NA,NA,0,2,2006,WD,Normal
21,70,RL,120,13728,Pave,NA,Reg,Lvl,AllPub,Corner,Gtl,Edwards,Norm,Norm,1Fam,2Story,6,7,1935,1986,Hip,CompShg,Stucco,Stucco,None,0,TA,TA,CBlock,TA,TA,No,Rec,626,Unf,0,501,1127,GasA,Ex,Y,SBrkr,1236,872,0,2108,0,0,2,0,4,1,Gd,7,Typ,2,TA,Basment,1935,Unf,2,540,TA,TA,Y,0,0,0,0,90,0,NA,NA,NA,0,7,2008,WD,Normal
22,60,RL,118,35760,Pave,NA,IR1,Lvl,AllPub,CulDSac,Gtl,NoRidge,Norm,Norm,1Fam,2Story,10,5,1995,1996,Hip,CompShg,HdBoard,HdBoard,BrkFace,1378,Gd,Gd,PConc,Ex,TA,Gd,GLQ,1387,Unf,0,543,1930,GasA,Ex,Y,SBrkr,1831,1796,0,3627,1,0,3,1,4,1,Gd,10,Typ,1,TA,Attchd,1995,Fin,3,807,TA,TA,Y,361,76,0,0,0,0,NA,NA,NA,0,7,2006,WD,Normal
23,20,RL,76,9120,Pave,NA,Reg,Lvl,AllPub,Inside,Gtl,NAmes,Norm,Norm,1Fam,1Story,6,6,1958,1958,Hip,CompShg,MetalSd,MetalSd,None,0,TA,TA,CBlock,TA,TA,No,ALQ,662,Unf,0,599,1261,GasA,Ex,Y,SBrkr,1261,0,0,1261,1,0,1,0,3,1,TA,6,Typ,1,TA,Attchd,1958,RFn,2,433,TA,TA,Y,0,0,0,0,288,0,NA,NA,Shed,1400,11,2008,WD,Normal
24,160,FV,35,4017,Pave,Pave,IR1,Lvl,AllPub,Inside,Gtl,Somerst,Norm,Norm,TwnhsE,2Story,7,5,2006,2007,Gable,CompShg,MetalSd,MetalSd,None,0,Gd,TA,PConc,Gd,TA,No,Unf,0,Unf,0,625,625,GasA,Ex,Y,SBrkr,625,625,0,1250,0,0,2,1,2,1,Gd,5,Typ,0,NA,Detchd,2006,Fin,2,625,TA,TA,Y,0,54,0,0,0,0,NA,NA,NA,0,3,2008,WD,Normal
25,50,RL,138,18030,Pave,NA,IR1,Bnk,AllPub,Inside,Gtl,ClearCr,Norm,Norm,1Fam,1.5Fin,5,6,1946,1994,Gable,CompShg,MetalSd,MetalSd,None,0,TA,TA,CBlock,TA,TA,No,Rec,152,BLQ,469,977,1598,GasA,TA,Y,SBrkr,1636,971,479,3086,0,0,3,0,3,1,Ex,12,Maj1,1,Gd,NA,NA,NA,0,0,NA,NA,Y,122,0,0,0,0,0,NA,MnPrv,NA,0,3,2007,WD,Normal
26,70,RL,80,16560,Pave,NA,IR1,Lvl,AllPub,Inside,Gtl,Crawfor,Norm,Norm,1Fam,2Story,6,8,1932,1950,Gable,CompShg,Wd Sdng,Wd Sdng,None,0,TA,TA,BrkTil,Gd,TA,No,Rec,503,Unf,0,449,952,GasA,TA,Y,SBrkr,1170,1175,0,2345,0,0,2,1,4,1,TA,9,Typ,1,Gd,Detchd,1932,Unf,2,360,TA,TA,Y,0,0,0,0,0,0,NA,NA,NA,0,7,2006,WD,Normal
27,50,RL,85,10678,Pave,NA,Reg,Lvl,AllPub,Inside,Gtl,NoRidge,Norm,Norm,1Fam,1.5Fin,8,5,1992,2000,Hip,CompShg,HdBoard,HdBoard,BrkFace,337,Gd,TA,PConc,Gd,TA,No,GLQ,700,Unf,0,983,1683,GasA,Ex,Y,SBrkr,2129,743,0,2872,0,0,2,1,4,1,Gd,9,Typ,1,TA,Attchd,1992,Fin,2,541,TA,TA,Y,0,33,0,0,0,0,NA,NA,NA,0,4,2007,WD,Normal
28,20,RL,37,6951,Pave,NA,IR1,Lvl,AllPub,CulDSac,Gtl,Mitchel,Norm,Norm,1Fam,1Story,5,5,1984,1985,Gable,CompShg,HdBoard,Plywood,None,0,TA,TA,CBlock,TA,TA,No,ALQ,658,Unf,0,218,876,GasA,TA,Y,SBrkr,923,0,0,923,1,0,1,0,3,1,TA,5,Typ,0,NA,Attchd,1984,Unf,1,264,TA,TA,Y,362,0,0,0,0,0,NA,MnPrv,NA,0,10,2008,WD,Normal
29,50,RM,NA,3950,Pave,Grvl,Reg,Bnk,AllPub,Inside,Gtl,OldTown,Artery,Norm,1Fam,1.5Fin,6,8,1926,2004,Gable,CompShg,MetalSd,MetalSd,None,0,TA,TA,CBlock,TA,TA,No,Rec,468,Unf,0,350,818,GasA,TA,Y,SBrkr,818,406,0,1224,0,0,1,0,3,1,TA,5,Typ,0,NA,Detchd,1926,Unf,1,210,TA,TA,N,0,0,116,0,0,0,NA,NA,NA,0,12,2009,WD,Normal
30,50,RL,54,7681,Pave,NA,IR1,Lvl,AllPub,FR2,Gtl,Crawfor,Norm,Norm,1Fam,1.5Fin,5,6,1921,1950,Gable,CompShg,Wd Sdng,Wd Sdng,None,0,TA,TA,BrkTil,TA,TA,No,Unf,0,Unf,0,731,731,GasA,Ex,Y,SBrkr,820,523,0,1343,0,0,1,1,3,1,TA,7,Typ,1,Gd,Detchd,1921,Unf,1,186,Fa,TA,Y,192,0,102,0,0,0,NA,NA,NA,0,7,2009,WD,Normal
31,20,RL,77,8335,Pave,NA,Reg,Lvl,AllPub,Corner,Gtl,Edwards,Norm,Norm,1Fam,1Story,5,5,1954,1954,Gable,CompShg,Wd Sdng,Wd Sdng,None,0,TA,TA,Slab,NA,NA,NA,NA,0,NA,0,0,0,GasA,Gd,Y,SBrkr,1124,0,0,1124,0,0,1,0,3,1,TA,5,Min2,1,Gd,NA,NA,NA,0,0,NA,NA,N,0,36,190,0,0,0,NA,NA,NA,0,4,2006,WD,Normal
32,60,RL,NA,11170,Pave,NA,IR2,Lvl,AllPub,Corner,Gtl,Timber,Norm,Norm,1Fam,2Story,7,5,1990,1991,Gable,CompShg,MetalSd,MetalSd,None,0,TA,TA,Wood,Gd,TA,No,LwQ,1216,Unf,0,0,1216,GasA,Ex,Y,SBrkr,1298,1216,0,2514,0,0,2,1,4,1,TA,8,Typ,0,NA,Attchd,1990,Fin,2,693,TA,TA,Y,0,0,0,0,0,0,NA,GdPrv,NA,0,4,2006,WD,Normal
33,120,RM,64,5587,Pave,NA,IR1,HLS,AllPub,Inside,Mod,Crawfor,Norm,Norm,TwnhsE,1Story,8,5,2008,2008,Hip,CompShg,CemntBd,CmentBd,Stone,186,Ex,TA,PConc,Ex,TA,Gd,GLQ,1480,Unf,0,120,1600,GasA,Ex,Y,SBrkr,1652,0,0,1652,1,1,2,0,2,1,Gd,5,Typ,1,Gd,Attchd,2008,Fin,2,482,TA,TA,Y,162,53,0,153,0,0,NA,NA,NA,0,11,2008,New,Partial
34,60,RL,160,15623,Pave,NA,IR1,Lvl,AllPub,Corner,Gtl,NoRidge,Norm,Norm,1Fam,2Story,10,5,1996,1996,Hip,CompShg,Wd Sdng,ImStucc,None,0,Gd,TA,PConc,Ex,TA,Av,GLQ,2096,Unf,0,300,2396,GasA,Ex,Y,SBrkr,2411,2065,0,4476,1,0,3,1,4,1,Ex,10,Typ,2,TA,Attchd,1996,Fin,3,813,TA,TA,Y,171,78,0,0,0,555,Ex,MnPrv,NA,0,7,2007,WD,Abnorml
35,30,RL,60,10800,Pave,Grvl,Reg,Lvl,AllPub,Inside,Gtl,OldTown,Norm,Norm,1Fam,1Story,5,6,1920,1950,Hip,CompShg,Stucco,Stucco,None,0,TA,TA,BrkTil,TA,TA,No,Rec,821,Unf,0,299,1120,GasA,Ex,Y,SBrkr,1130,0,0,1130,1,0,1,0,2,1,TA,5,Typ,1,Gd,Detchd,1970,Unf,2,720,TA,TA,Y,229,0,0,0,0,0,NA,NA,NA,0,6,2006,WD,Normal
36,20,RL,50,35133,Grvl,NA,Reg,Lvl,AllPub,Inside,Mod,Timber,Norm,Norm,1Fam,1Story,5,4,1963,1963,Hip,CompShg,MetalSd,MetalSd,BrkFace,226,TA,TA,CBlock,TA,TA,Gd,Rec,1159,Unf,0,413,1572,GasA,Gd,Y,SBrkr,1572,0,0,1572,1,0,1,1,3,1,TA,5,Typ,2,TA,2Types,1963,RFn,3,995,TA,TA,Y,0,263,0,0,263,0,NA,NA,NA,0,5,2007,WD,Normal
37,190,RL,107,10615,Pave,NA,IR1,Bnk,AllPub,Corner,Mod,OldTown,Artery,Artery,2fmCon,2Story,3,5,1900,1970,Gable,CompShg,HdBoard,HdBoard,None,0,TA,TA,CBlock,Fa,TA,Mn,BLQ,440,Unf,0,538,978,GasA,TA,Y,SBrkr,1014,685,0,1699,1,0,2,0,3,2,TA,7,Typ,0,NA,CarPort,1920,Unf,2,420,Fa,Fa,Y,0,74,0,0,0,0,NA,NA,NA,0,8,2009,WD,Abnorml
38,60,RL,68,8935,Pave,NA,IR1,Lvl,AllPub,Inside,Gtl,CollgCr,Norm,Norm,1Fam,2Story,7,5,2002,2002,Gable,CompShg,VinylSd,VinylSd,BrkFace,95,Gd,TA,PConc,Gd,TA,No,Unf,0,Unf,0,831,831,GasA,Ex,Y,SBrkr,831,829,0,1660,0,0,2,1,3,1,Gd,7,Typ,0,NA,Attchd,2002,RFn,2,493,TA,TA,Y,144,68,0,0,0,0,NA,NA,NA,0,7,2009,WD,Normal
39,60,RL,60,7500,Pave,NA,Reg,Lvl,AllPub,Inside,Gtl,Gilbert,Norm,Norm,1Fam,2Story,7,5,1999,1999,Gable,CompShg,VinylSd,VinylSd,None,0,TA,TA,PConc,TA,TA,No,Unf,0,Unf,0,994,994,GasA,Gd,Y,SBrkr,1028,776,0,1804,0,0,2,1,3,1,Gd,7,Typ,1,TA,Attchd,1999,Fin,2,442,TA,TA,Y,140,60,0,0,0,0,NA,NA,NA,0,6,2010,WD,Normal
40,190,RL,NA,32463,Pave,NA,Reg,Low,AllPub,Inside,Mod,Mitchel,Norm,Norm,2fmCon,1Story,4,4,1961,1975,Gable,CompShg,MetalSd,MetalSd,Stone,149,TA,Gd,CBlock,TA,TA,Av,BLQ,1159,Unf,0,90,1249,GasA,Ex,Y,SBrkr,1622,0,0,1622,1,0,1,0,3,1,TA,7,Typ,1,TA,2Types,1975,Fin,4,1356,TA,TA,Y,439,0,0,0,0,0,NA,NA,NA,0,3,2007,WD,Normal
41,160,FV,24,2645,Pave,Pave,Reg,Lvl,AllPub,Inside,Gtl,Somerst,Norm,Norm,Twnhs,2Story,8,5,1999,2000,Gable,CompShg,MetalSd,MetalSd,BrkFace,456,Gd,TA,PConc,Gd,TA,No,Unf,0,Unf,0,776,776,GasA,Ex,Y,SBrkr,764,677,0,1441,0,0,2,1,2,1,Gd,5,Typ,0,NA,Detchd,1999,Unf,2,492,TA,TA,Y,206,0,0,0,0,0,NA,NA,NA,0,11,2007,WD,Normal
42,50,RM,60,9600,Pave,Grvl,Reg,Lvl,AllPub,Inside,Gtl,OldTown,Norm,Norm,1Fam,1.5Fin,5,8,1925,1994,Gambrel,CompShg,VinylSd,VinylSd,None,0,TA,TA,PConc,TA,TA,Mn,Unf,0,Unf,0,702,702,GasA,Gd,Y,SBrkr,842,630,0,1472,0,0,1,0,3,1,Gd,6,Typ,0,NA,Detchd,1925,Unf,1,250,TA,Fa,P,0,0,84,0,0,0,NA,GdWo,NA,0,7,2007,WD,Normal
43,120,RM,NA,4500,Pave,NA,Reg,Lvl,AllPub,FR2,Gtl,Mitchel,Norm,Norm,TwnhsE,1Story,6,5,1999,1999,Hip,CompShg,VinylSd,VinylSd,BrkFace,425,TA,TA,PConc,Ex,TA,No,GLQ,883,Unf,0,341,1224,GasA,Ex,Y,SBrkr,1224,0,0,1224,1,0,2,0,2,1,TA,5,Typ,0,NA,Attchd,1999,Fin,2,402,TA,TA,Y,0,304,0,0,0,0,NA,NA,NA,0,6,2009,WD,Normal
44,60,RL,80,9364,Pave,NA,Reg,Lvl,AllPub,Corner,Gtl,Sawyer,Norm,Norm,1Fam,2Story,6,7,1969,1969,Gable,CompShg,HdBoard,HdBoard,Stone,143,TA,TA,CBlock,TA,TA,No,ALQ,371,Unf,0,292,663,GasA,TA,Y,SBrkr,663,689,0,1352,0,0,1,1,4,1,TA,7,Typ,0,NA,Attchd,1969,Fin,1,299,TA,TA,Y,379,36,0,0,0,0,NA,MnPrv,NA,0,3,2010,WD,Normal
45,60,RL,51,8029,Pave,NA,IR1,Lvl,AllPub,Inside,Gtl,Gilbert,Norm,Norm,1Fam,2Story,6,5,2005,2005,Gable,CompShg,VinylSd,VinylSd,None,0,TA,TA,PConc,Gd,TA,No,Unf,0,Unf,0,728,728,GasA,Ex,Y,SBrkr,728,728,0,1456,0,0,2,1,3,1,Gd,8,Typ,0,NA,Attchd,2005,Fin,2,400,TA,TA,Y,100,24,0,0,0,0,NA,NA,NA,0,7,2008,WD,Normal
46,60,RL,58,14054,Pave,NA,IR1,Lvl,AllPub,Inside,Gtl,Gilbert,Norm,Norm,1Fam,2Story,7,5,2006,2006,Gable,CompShg,VinylSd,VinylSd,None,0,Gd,TA,PConc,Gd,TA,Av,Unf,0,Unf,0,879,879,GasA,Ex,Y,SBrkr,879,984,0,1863,0,0,2,1,4,1,Gd,9,Typ,1,Gd,BuiltIn,2006,Fin,3,660,TA,TA,Y,100,17,0,0,0,0,NA,NA,NA,0,11,2006,New,Partial
47,75,RM,65,8850,Pave,NA,IR1,Bnk,AllPub,Corner,Gtl,OldTown,Norm,Norm,1Fam,2.5Unf,7,6,1916,1950,Gable,CompShg,MetalSd,MetalSd,None,0,TA,TA,BrkTil,TA,TA,No,Unf,0,Unf,0,815,815,GasA,Ex,Y,SBrkr,815,875,0,1690,0,0,1,0,3,1,TA,7,Typ,1,Gd,Detchd,1916,Unf,1,225,TA,TA,Y,0,0,330,0,0,0,NA,NA,NA,0,7,2006,ConLw,Normal
48,20,RL,70,9100,Pave,NA,Reg,Lvl,AllPub,Inside,Gtl,CollgCr,Norm,Norm,1Fam,1Story,7,5,2001,2001,Gable,CompShg,VinylSd,VinylSd,None,0,Gd,TA,PConc,Gd,TA,No,Unf,0,Unf,0,1212,1212,GasA,Ex,Y,SBrkr,1212,0,0,1212,0,0,2,0,3,1,Gd,6,Typ,0,NA,Attchd,2001,RFn,2,573,TA,TA,Y,356,0,0,0,0,0,NA,NA,NA,0,6,2009,WD,Normal
49,20,RL,75,11235,Pave,NA,Reg,Lvl,AllPub,Inside,Gtl,Sawyer,Norm,Norm,1Fam,1Story,4,5,1963,1979,Gable,CompShg,HdBoard,HdBoard,BrkFace,51,TA,TA,CBlock,TA,TA,No,Rec,547,Unf,0,504,1051,GasA,Gd,Y,SBrkr,1382,0,0,1382,0,0,1,1,3,1,TA,6,Typ,1,Po,Attchd,1974,Unf,2,459,TA,TA,Y,0,82,0,0,0,0,NA,NA,NA,0,10,2006,WD,Normal
50,20,RL,71,9353,Pave,NA,Reg,Lvl,AllPub,Inside,Gtl,NAmes,Norm,Norm,1Fam,1Story,4,5,1970,1970,Gable,CompShg,MetalSd,MetalSd,None,0,TA,TA,CBlock,TA,TA,No,Unf,0,Unf,0,864,864,GasA,Gd,Y,SBrkr,864,0,0,864,0,0,1,0,3,1,TA,5,Typ,0,NA,Attchd,1972,Unf,1,280,TA,TA,Y,0,0,0,0,0,0,NA,NA,Shed,0,7,2006,Oth,Abnorml
51,60,RL,80,10400,Pave,NA,Reg,Lvl,AllPub,Corner,Gtl,CollgCr,Norm,Norm,1Fam,2Story,7,5,1998,1998,Gable,CompShg,VinylSd,VinylSd,None,0,TA,TA,PConc,Gd,TA,Av,Unf,0,Unf,0,866,866,GasA,Ex,Y,SBrkr,866,913,0,1779,0,0,2,1,3,1,Gd,6,Typ,0,NA,Attchd,1998,RFn,2,546,TA,TA,Y,198,36,0,0,0,0,NA,NA,NA,0,3,2009,WD,Normal
52,50,RM,50,6000,Pave,NA,Reg,Lvl,AllPub,Corner,Gtl,BrkSide,Norm,Norm,1Fam,1.5Fin,5,8,1925,1997,Gable,CompShg,Wd Sdng,Wd Sdng,None,0,TA,TA,BrkTil,TA,TA,No,Unf,0,Unf,0,884,884,GasA,Ex,Y,SBrkr,884,464,0,1348,1,0,1,0,3,1,TA,5,Typ,1,Fa,Detchd,1960,Unf,1,216,TA,TA,N,0,0,208,0,0,0,NA,NA,NA,0,5,2009,WD,Normal
53,20,RL,75,9750,Pave,NA,Reg,Lvl,AllPub,Inside,Gtl,CollgCr,Norm,Norm,1Fam,1Story,7,5,2000,2001,Gable,CompShg,VinylSd,VinylSd,BrkFace,171,Gd,TA,PConc,Gd,TA,No,Unf,0,Unf,0,1630,1630,GasA,Ex,Y,SBrkr,1630,0,0,1630,0,0,2,0,3,1,Gd,6,Typ,1,TA,Attchd,2000,Unf,2,451,TA,TA,Y,74,234,0,0,0,0,NA,NA,NA,0,10,2009,WD,Normal
54,20,RL,78,10140,Pave,NA,Reg,Lvl,AllPub,Inside,Gtl,NWAmes,Norm,Norm,1Fam,1Story,5,6,1975,1975,Gable,CompShg,HdBoard,HdBoard,None,0,TA,TA,CBlock,Gd,TA,No,ALQ,788,Unf,0,268,1056,GasA,Ex,Y,SBrkr,1074,0,0,1074,1,0,1,1,3,1,TA,6,Typ,0,NA,Attchd,1975,RFn,2,495,TA,TA,Y,0,88,0,0,0,0,NA,MnPrv,NA,0,7,2006,WD,Normal
55,20,RL,90,14684,Pave,NA,IR1,Lvl,AllPub,CulDSac,Gtl,SawyerW,Norm,Norm,1Fam,1Story,7,7,1990,1991,Hip,CompShg,HdBoard,HdBoard,BrkFace,234,Gd,TA,CBlock,Gd,TA,Mn,ALQ,485,BLQ,177,1496,2158,GasA,Gd,Y,SBrkr,2196,0,0,2196,0,0,2,0,3,1,Gd,7,Typ,1,TA,Attchd,1990,RFn,3,701,TA,TA,Y,84,70,0,0,0,0,NA,NA,NA,0,6,2009,WD,Normal
56,20,RH,NA,8900,Pave,NA,Reg,Lvl,AllPub,Inside,Gtl,SawyerW,Norm,Norm,1Fam,1Story,4,4,1966,1966,Gable,CompShg,HdBoard,HdBoard,None,0,TA,TA,CBlock,TA,TA,No,Rec,1056,Unf,0,0,1056,GasA,TA,Y,SBrkr,1056,0,0,1056,1,0,1,0,2,1,TA,5,Typ,0,NA,Detchd,1966,Unf,1,384,TA,TA,Y,0,42,0,0,0,0,NA,MnPrv,NA,0,11,2006,WD,Normal
57,20,RL,70,9135,Pave,NA,Reg,Lvl,AllPub,Inside,Gtl,CollgCr,Norm,Norm,1Fam,1Story,6,5,2003,2003,Gable,CompShg,VinylSd,VinylSd,BrkFace,120,Gd,TA,PConc,Gd,TA,Av,GLQ,340,Unf,0,1342,1682,GasA,Ex,Y,SBrkr,1700,0,0,1700,1,0,2,0,3,1,Gd,7,Typ,0,NA,Attchd,2003,RFn,2,544,TA,TA,Y,192,23,0,0,0,0,NA,NA,NA,0,5,2006,WD,Normal
58,20,RL,70,7763,Pave,NA,Reg,Lvl,AllPub,Inside,Gtl,NAmes,Norm,Norm,1Fam,1Story,5,7,1962,1980,Gable,CompShg,MetalSd,MetalSd,None,0,TA,Gd,CBlock,TA,TA,No,Rec,504,BLQ,108,319,931,GasA,TA,Y,SBrkr,1283,0,0,1283,1,0,1,0,3,1,TA,6,Typ,0,NA,Detchd,1980,Unf,2,506,TA,TA,Y,0,0,0,0,0,0,NA,NA,NA,0,10,2008,WD,Normal
59,20,RL,85,10182,Pave,NA,IR1,Lvl,AllPub,CulDSac,Gtl,Somerst,RRNn,Norm,1Fam,1Story,8,5,2006,2006,Hip,CompShg,VinylSd,VinylSd,Stone,420,Gd,TA,PConc,Ex,TA,Mn,GLQ,1220,Unf,0,440,1660,GasA,Ex,Y,SBrkr,1660,0,0,1660,1,0,2,0,3,1,Gd,8,Typ,1,Gd,Attchd,2006,RFn,2,500,TA,TA,Y,322,50,0,0,0,0,NA,NA,NA,0,5,2006,New,Partial
60,60,RL,70,11218,Pave,NA,Reg,Lvl,AllPub,Inside,Gtl,SawyerW,Norm,Norm,1Fam,2Story,6,5,1992,1992,Gable,CompShg,Wd Sdng,Wd Sdng,None,0,Gd,TA,PConc,Gd,TA,No,Unf,0,Unf,0,1055,1055,GasA,Ex,Y,SBrkr,1055,790,0,1845,0,0,2,1,3,1,Gd,8,Typ,1,TA,Attchd,1992,RFn,2,462,TA,TA,Y,635,104,0,0,0,0,NA,GdPrv,Shed,400,5,2010,WD,Normal
61,50,RL,152,12134,Pave,NA,IR1,Bnk,AllPub,Inside,Mod,Gilbert,Norm,Norm,1Fam,1.5Fin,8,7,1988,2005,Gable,CompShg,Wd Sdng,Wd Sdng,None,0,Gd,TA,Wood,Gd,TA,Av,GLQ,427,Unf,0,132,559,GasA,Gd,Y,SBrkr,1080,672,0,1752,0,0,2,0,4,1,TA,8,Typ,0,NA,Basment,1988,RFn,2,492,TA,TA,Y,325,12,0,0,0,0,NA,NA,NA,0,6,2010,WD,Normal
62,30,RL,50,9340,Pave,NA,Reg,Lvl,AllPub,Inside,Gtl,Edwards,Norm,Norm,1Fam,1Story,4,6,1941,1950,Hip,CompShg,MetalSd,MetalSd,None,0,TA,TA,CBlock,TA,TA,No,Rec,344,Unf,0,328,672,GasA,TA,Y,SBrkr,672,0,0,672,1,0,1,0,2,1,TA,4,Typ,0,NA,Attchd,1941,Unf,1,234,TA,TA,N,0,113,0,0,0,0,NA,NA,NA,0,8,2009,WD,Normal
63,80,RL,NA,10246,Pave,NA,IR1,Lvl,AllPub,CulDSac,Gtl,Sawyer,Norm,Norm,1Fam,SLvl,4,9,1965,2001,Gable,CompShg,VinylSd,VinylSd,None,0,TA,Gd,CBlock,TA,Gd,Av,GLQ,648,Unf,0,0,648,GasA,Ex,Y,SBrkr,960,0,0,960,1,1,0,0,0,1,TA,3,Typ,0,NA,Attchd,1965,Unf,1,364,TA,TA,Y,88,0,0,0,0,0,NA,NA,NA,0,5,2006,WD,Normal
64,85,RL,69,10205,Pave,NA,IR1,Lvl,AllPub,Inside,Gtl,NAmes,Norm,Norm,1Fam,SFoyer,5,5,1962,1962,Gable,CompShg,MetalSd,MetalSd,None,0,TA,TA,CBlock,TA,TA,Av,BLQ,784,Unf,0,141,925,GasA,TA,Y,SBrkr,999,0,0,999,1,0,1,0,3,1,TA,6,Typ,0,NA,Attchd,1962,Unf,1,300,TA,TA,Y,150,72,0,0,0,0,NA,NA,NA,0,5,2006,WD,Normal
65,20,RL,99,7094,Pave,NA,IR1,Lvl,AllPub,Inside,Gtl,Sawyer,Norm,Norm,1Fam,1Story,5,5,1966,1966,Gable,CompShg,VinylSd,VinylSd,None,0,TA,TA,CBlock,TA,TA,No,Rec,180,LwQ,374,340,894,GasA,TA,Y,SBrkr,894,0,0,894,0,0,1,0,3,1,TA,5,Typ,0,NA,Detchd,1966,RFn,1,384,TA,TA,Y,0,0,0,0,0,0,NA,MnPrv,NA,0,5,2007,WD,Normal
66,90,RM,68,8930,Pave,NA,Reg,Lvl,AllPub,Inside,Gtl,Sawyer,RRAe,Norm,Duplex,1.5Fin,6,5,1978,1978,Gable,CompShg,VinylSd,VinylSd,None,0,TA,TA,Slab,NA,NA,NA,NA,0,NA,0,0,0,GasA,TA,Y,SBrkr,1318,584,0,1902,0,0,2,0,4,2,TA,8,Typ,0,NA,Attchd,1978,Unf,2,539,TA,TA,Y,0,0,0,0,0,0,NA,NA,NA,0,4,2010,WD,Normal
67,20,FV,72,8640,Pave,NA,Reg,Lvl,AllPub,Inside,Gtl,Somerst,Norm,Norm,1Fam,1Story,8,5,2009,2009,Gable,CompShg,CemntBd,CmentBd,Stone,72,Gd,TA,PConc,Gd,TA,Mn,GLQ,936,Unf,0,364,1300,GasA,Ex,Y,SBrkr,1314,0,0,1314,1,0,2,0,3,1,Gd,6,Typ,0,NA,Attchd,2009,RFn,2,552,TA,TA,Y,135,112,0,0,0,0,NA,NA,NA,0,9,2009,New,Partial
68,160,RM,21,1680,Pave,NA,Reg,Lvl,AllPub,Inside,Gtl,BrDale,Norm,Norm,Twnhs,2Story,6,5,1971,1971,Gable,CompShg,CemntBd,CmentBd,BrkFace,236,TA,TA,CBlock,TA,TA,No,Unf,0,Unf,0,672,672,GasA,TA,Y,SBrkr,672,546,0,1218,0,0,1,1,3,1,TA,7,Typ,0,NA,NA,NA,NA,0,0,NA,NA,N,201,0,0,0,0,0,NA,NA,NA,0,4,2006,WD,Abnorml
69,20,RL,66,7800,Pave,NA,IR1,Lvl,AllPub,Inside,Gtl,NAmes,Norm,Norm,1Fam,1Story,5,5,1964,1964,Gable,CompShg,Wd Sdng,Wd Sdng,None,0,TA,TA,CBlock,TA,TA,No,Rec,312,LwQ,600,0,912,GasA,TA,Y,SBrkr,912,0,0,912,0,0,1,0,2,1,TA,5,Typ,0,NA,Attchd,1964,Unf,1,288,TA,TA,Y,0,0,0,0,0,0,NA,NA,NA,0,11,2006,WD,Abnorml
70,20,RL,55,8250,Pave,NA,Reg,Lvl,AllPub,Inside,Gtl,Sawyer,Feedr,Norm,1Fam,1Story,5,5,1968,1968,Hip,CompShg,HdBoard,HdBoard,None,0,TA,TA,CBlock,TA,TA,No,BLQ,250,LwQ,492,210,952,GasA,Ex,Y,SBrkr,1211,0,0,1211,0,0,1,0,3,1,TA,5,Typ,1,TA,Attchd,1968,Unf,1,322,TA,TA,Y,0,63,0,0,0,0,NA,NA,NA,0,8,2008,WD,Normal
71,50,RL,78,10496,Pave,NA,Reg,Lvl,AllPub,Inside,Gtl,NAmes,Artery,Norm,1Fam,1.5Fin,6,6,1949,1950,Gable,CompShg,Wd Sdng,Wd Sdng,BrkFace,320,TA,TA,CBlock,TA,TA,Mn,Rec,196,Unf,0,844,1040,GasA,Ex,Y,SBrkr,1168,678,0,1846,0,0,2,0,3,1,TA,7,Typ,1,Gd,Attchd,1949,Unf,1,315,TA,TA,Y,0,0,0,0,0,0,NA,GdWo,NA,0,1,2007,WD,Normal
72,20,RL,89,10680,Pave,NA,Reg,Lvl,AllPub,Inside,Gtl,NAmes,Norm,Norm,1Fam,1Story,5,3,1951,1951,Hip,CompShg,Wd Sdng,Wd Sdng,BrkFace,44,TA,TA,CBlock,TA,Fa,No,LwQ,756,Unf,0,1380,2136,GasA,TA,N,FuseA,2136,0,0,2136,0,0,2,0,4,1,TA,7,Mod,0,NA,Detchd,1951,Unf,2,528,TA,TA,Y,0,30,0,0,0,0,NA,MnPrv,NA,0,10,2006,WD,Normal
73,60,RL,60,15384,Pave,NA,IR1,Lvl,AllPub,Inside,Gtl,Gilbert,RRAn,Norm,1Fam,2Story,7,5,2004,2005,Gable,CompShg,VinylSd,VinylSd,None,0,Gd,TA,PConc,Gd,TA,Av,GLQ,724,Unf,0,64,788,GasA,Ex,Y,SBrkr,788,702,0,1490,1,0,2,1,3,1,Gd,8,Typ,1,Gd,Attchd,2004,Fin,2,388,TA,TA,Y,100,75,0,0,0,0,NA,NA,NA,0,2,2008,WD,Normal
74,80,RL,65,10482,Pave,NA,Reg,Lvl,AllPub,Inside,Gtl,NAmes,Norm,Norm,1Fam,SLvl,6,8,1958,1958,Hip,CompShg,VinylSd,VinylSd,BrkFace,63,TA,Gd,CBlock,TA,TA,Av,GLQ,507,Unf,0,81,588,GasA,Ex,Y,SBrkr,1138,0,0,1138,0,1,1,0,3,1,TA,6,Typ,0,NA,Attchd,1958,RFn,1,264,TA,TA,Y,224,0,0,0,0,0,NA,MnWw,NA,0,6,2007,WD,Normal
75,60,RL,86,14598,Pave,NA,IR1,Lvl,AllPub,CulDSac,Gtl,Somerst,Feedr,Norm,1Fam,2Story,6,5,2007,2007,Gable,CompShg,VinylSd,VinylSd,Stone,74,Gd,TA,PConc,Gd,TA,Mn,Unf,0,Unf,0,894,894,GasA,Ex,Y,SBrkr,894,1039,0,1933,0,0,2,1,4,1,Gd,9,Typ,1,Gd,BuiltIn,2007,Fin,3,668,TA,TA,Y,100,18,0,0,0,0,NA,NA,NA,0,1,2008,WD,Normal
76,20,RL,72,8872,Pave,NA,Reg,Lvl,AllPub,Corner,Gtl,NAmes,Norm,Norm,1Fam,1Story,5,8,1965,2008,Gable,CompShg,VinylSd,VinylSd,BrkFace,300,TA,TA,CBlock,TA,TA,No,ALQ,595,Unf,0,317,912,GasA,Ex,Y,SBrkr,912,0,0,912,1,0,1,0,2,1,Gd,5,Typ,0,NA,Detchd,1992,Unf,2,576,TA,TA,Y,0,240,0,0,0,0,NA,NA,NA,0,12,2008,WD,Normal
77,120,RL,65,8769,Pave,NA,Reg,Lvl,AllPub,Corner,Gtl,NridgHt,Norm,Norm,TwnhsE,1Story,9,5,2008,2008,Hip,CompShg,MetalSd,MetalSd,BrkFace,766,Ex,TA,PConc,Ex,TA,No,GLQ,1540,Unf,0,162,1702,GasA,Ex,Y,SBrkr,1702,0,0,1702,1,0,1,1,1,1,Ex,7,Typ,1,Gd,Attchd,2008,Fin,3,1052,TA,TA,Y,0,72,0,0,224,0,NA,NA,NA,0,10,2008,New,Partial
78,80,RL,70,7910,Pave,NA,Reg,Lvl,AllPub,Inside,Gtl,NAmes,Norm,Norm,1Fam,SLvl,5,5,1960,1960,Hip,CompShg,BrkFace,HdBoard,None,0,TA,TA,CBlock,TA,TA,No,ALQ,666,Unf,0,409,1075,GasA,Gd,Y,SBrkr,1507,0,0,1507,0,0,2,0,4,1,TA,7,Maj1,0,NA,Basment,1960,Unf,1,404,TA,TA,Y,0,0,0,0,0,0,NA,GdWo,NA,0,8,2008,WD,Normal
79,90,RL,NA,18890,Pave,NA,IR1,Lvl,AllPub,Inside,Gtl,Sawyer,Feedr,RRAe,Duplex,1.5Fin,5,5,1977,1977,Shed,CompShg,Plywood,Plywood,None,1,TA,TA,CBlock,Gd,TA,No,GLQ,498,Rec,211,652,1361,GasA,Ex,Y,SBrkr,1361,1259,0,2620,0,0,2,2,4,2,TA,12,Typ,1,TA,BuiltIn,1977,RFn,2,600,TA,TA,N,155,24,145,0,0,0,NA,NA,Gar2,8300,8,2007,WD,Normal
80,90,RL,70,7728,Pave,NA,Reg,Lvl,AllPub,Inside,Gtl,NAmes,Norm,Norm,Duplex,SLvl,5,6,1962,1962,Hip,CompShg,Wd Sdng,Wd Sdng,BrkFace,120,TA,TA,CBlock,TA,TA,Av,ALQ,803,Unf,0,303,1106,GasA,TA,Y,SBrkr,1190,0,0,1190,1,0,1,0,3,1,TA,6,Typ,0,NA,Attchd,1962,Unf,2,540,TA,TA,Y,0,18,0,0,0,0,NA,GdWo,NA,0,5,2006,WD,Normal
81,90,RL,70,9842,Pave,NA,Reg,Lvl,AllPub,FR2,Gtl,NAmes,Norm,Norm,Duplex,1Story,4,5,1962,1962,Gable,CompShg,HdBoard,HdBoard,None,0,TA,TA,Slab,NA,NA,NA,NA,0,NA,0,0,0,GasA,TA,Y,SBrkr,1224,0,0,1224,0,0,2,0,2,2,TA,6,Typ,0,NA,CarPort,1962,Unf,2,462,TA,TA,Y,0,0,0,0,0,0,NA,NA,NA,0,3,2007,WD,Normal
82,20,RL,NA,12160,Pave,NA,IR1,Lvl,AllPub,Inside,Gtl,NAmes,Norm,Norm,1Fam,1Story,5,5,1959,1959,Hip,CompShg,Plywood,Plywood,BrkFace,180,TA,TA,CBlock,TA,TA,No,Rec,1000,Unf,0,188,1188,GasA,Fa,Y,SBrkr,1188,0,0,1188,1,0,1,0,3,1,TA,6,Typ,0,NA,Attchd,1959,RFn,2,531,TA,TA,Y,0,0,0,0,0,0,NA,MnPrv,NA,0,5,2010,COD,Abnorml
83,70,RH,55,8525,Pave,NA,Reg,Bnk,AllPub,Inside,Gtl,SWISU,Norm,Norm,1Fam,2Story,5,6,1911,1950,Gable,CompShg,MetalSd,MetalSd,None,0,TA,TA,PConc,TA,TA,Av,Unf,0,Unf,0,940,940,GasA,TA,N,FuseA,1024,940,0,1964,0,0,1,1,4,1,TA,7,Typ,0,NA,NA,NA,NA,0,0,NA,NA,N,0,192,0,0,0,0,NA,NA,NA,0,11,2008,WD,Abnorml
84,70,RL,96,13132,Pave,NA,Reg,Lvl,AllPub,Inside,Gtl,Crawfor,Norm,Norm,1Fam,2Story,5,5,1914,1950,Gable,CompShg,Wd Sdng,Wd Sdng,None,0,TA,TA,BrkTil,Gd,TA,Mn,Unf,0,Unf,0,747,747,GasA,Gd,Y,FuseF,892,892,0,1784,0,0,1,1,4,1,TA,9,Typ,0,NA,Detchd,1914,Unf,1,180,Fa,Fa,N,203,40,0,0,0,0,NA,NA,NA,0,7,2006,WD,Normal
85,160,RL,36,2628,Pave,NA,Reg,Lvl,AllPub,Inside,Gtl,NridgHt,Norm,Norm,Twnhs,2Story,7,5,2003,2003,Gable,CompShg,VinylSd,Wd Shng,Stone,106,Gd,TA,PConc,Gd,TA,No,Unf,0,Unf,0,764,764,GasA,Ex,Y,SBrkr,764,862,0,1626,0,0,2,1,2,1,Gd,6,Typ,0,NA,BuiltIn,2003,RFn,2,474,TA,TA,Y,0,27,0,0,0,0,NA,NA,NA,0,6,2010,WD,Normal
86,60,RL,41,12393,Pave,NA,IR2,Lvl,AllPub,FR2,Gtl,CollgCr,Norm,Norm,1Fam,2Story,7,5,2004,2005,Gable,CompShg,VinylSd,VinylSd,None,0,Gd,TA,PConc,Gd,TA,No,Unf,0,Unf,0,847,847,GasA,Ex,Y,SBrkr,847,1101,0,1948,0,0,2,1,4,1,Gd,8,Typ,1,Gd,BuiltIn,2004,Fin,2,434,TA,TA,Y,100,48,0,0,0,0,NA,NA,NA,0,9,2006,WD,Normal
87,20,RL,63,13072,Pave,NA,Reg,Lvl,AllPub,Inside,Gtl,SawyerW,RRAe,Norm,1Fam,1Story,6,5,2005,2005,Gable,CompShg,VinylSd,VinylSd,None,0,Gd,TA,PConc,Gd,TA,No,Unf,0,Unf,0,1141,1141,GasA,Ex,Y,SBrkr,1141,0,0,1141,0,0,1,1,3,1,TA,6,Typ,0,NA,Detchd,2005,Unf,2,484,TA,TA,Y,0,0,0,0,0,0,NA,NA,NA,0,3,2006,WD,Abnorml
88,20,RL,64,9037,Pave,NA,IR1,HLS,AllPub,Inside,Gtl,Timber,Norm,Norm,1Fam,1Story,8,5,2006,2006,Hip,CompShg,VinylSd,VinylSd,BrkFace,32,Gd,TA,PConc,Gd,TA,Av,GLQ,428,Unf,0,1048,1476,GasA,Ex,Y,SBrkr,1484,0,0,1484,0,0,2,0,2,1,Ex,6,Typ,1,Gd,Attchd,2006,RFn,2,472,TA,TA,Y,120,33,0,0,0,0,NA,NA,NA,0,12,2007,WD,Normal
89,60,RL,65,8158,Pave,NA,Reg,Lvl,AllPub,Inside,Gtl,CollgCr,Norm,Norm,1Fam,2Story,7,5,2003,2003,Gable,CompShg,VinylSd,VinylSd,BrkFace,252,Gd,TA,PConc,Gd,TA,No,GLQ,550,Unf,0,334,884,GasA,Ex,Y,SBrkr,884,884,0,1768,1,0,2,1,3,1,Gd,8,Typ,0,NA,Attchd,2003,RFn,2,543,TA,TA,Y,0,63,0,0,0,0,NA,NA,NA,0,7,2008,WD,Normal
90,20,RL,83,9849,Pave,NA,Reg,Lvl,AllPub,Inside,Gtl,Somerst,Norm,Norm,1Fam,1Story,7,6,2007,2007,Hip,CompShg,VinylSd,VinylSd,Stone,0,Gd,TA,PConc,Gd,TA,Av,Unf,0,Unf,0,1689,1689,GasA,Ex,Y,SBrkr,1689,0,0,1689,0,0,2,0,3,1,Gd,7,Typ,0,NA,Attchd,2007,RFn,3,954,TA,TA,Y,0,56,0,0,0,0,NA,NA,NA,0,6,2007,New,Partial
91,85,RL,85,10625,Pave,NA,Reg,Lvl,AllPub,Inside,Gtl,NWAmes,Norm,Norm,1Fam,SFoyer,7,6,1974,1974,Gable,CompShg,Plywood,Plywood,BrkFace,81,TA,TA,CBlock,Gd,TA,Gd,GLQ,885,LwQ,168,0,1053,GasA,TA,Y,SBrkr,1173,0,0,1173,1,0,2,0,3,1,Gd,6,Typ,2,TA,Attchd,1974,RFn,2,528,TA,TA,Y,0,120,0,0,0,0,NA,MnPrv,NA,0,1,2010,WD,Family
92,20,RL,107,13891,Pave,NA,Reg,Lvl,AllPub,Inside,Gtl,NridgHt,Norm,Norm,1Fam,1Story,10,5,2006,2006,Gable,CompShg,VinylSd,VinylSd,NA,NA,Ex,TA,PConc,Ex,Gd,Gd,GLQ,1386,Unf,0,690,2076,GasA,Ex,Y,SBrkr,2076,0,0,2076,1,0,2,1,2,1,Ex,7,Typ,1,Gd,Attchd,2006,Fin,3,850,TA,TA,Y,216,229,0,0,0,0,NA,NA,NA,0,9,2006,New,Partial
93,70,RL,NA,11435,Pave,NA,IR1,HLS,AllPub,Corner,Mod,Crawfor,Norm,Norm,1Fam,2Story,8,7,1929,1950,Gable,CompShg,BrkFace,Stucco,None,0,TA,TA,PConc,Gd,TA,No,Unf,0,Unf,0,792,792,GasA,Fa,Y,SBrkr,792,725,0,1517,0,0,1,0,3,1,Gd,7,Typ,2,Gd,Detchd,1931,Unf,2,400,TA,TA,Y,0,0,0,0,0,0,NA,NA,NA,0,6,2006,WD,Normal
94,80,RL,78,12090,Pave,NA,Reg,Lvl,AllPub,Inside,Gtl,NWAmes,Norm,Norm,1Fam,SLvl,6,7,1984,2003,Hip,CompShg,VinylSd,VinylSd,BrkFace,74,TA,TA,CBlock,Gd,TA,No,Unf,0,Unf,0,585,585,GasA,Ex,Y,SBrkr,1140,728,0,1868,0,0,3,1,3,1,TA,7,Typ,1,TA,BuiltIn,1984,Fin,2,477,TA,TA,Y,268,112,0,0,147,0,NA,NA,NA,0,1,2007,WD,Abnorml
95,60,FV,65,8125,Pave,NA,Reg,Lvl,AllPub,Inside,Gtl,Somerst,Norm,Norm,1Fam,2Story,7,5,2005,2006,Gable,CompShg,VinylSd,VinylSd,None,0,Gd,TA,PConc,Gd,TA,No,Unf,0,Unf,0,756,756,GasA,Ex,Y,SBrkr,756,797,0,1553,0,0,2,1,3,1,Gd,6,Typ,0,NA,Attchd,2005,RFn,2,615,TA,TA,Y,0,45,0,0,0,0,NA,NA,NA,0,3,2006,New,Partial
96,80,RL,NA,12328,Pave,NA,IR1,Lvl,AllPub,Inside,Gtl,Mitchel,Norm,Norm,1Fam,SLvl,6,5,1976,1976,Gable,CompShg,HdBoard,HdBoard,BrkFace,335,TA,TA,CBlock,TA,TA,Av,GLQ,539,Unf,0,473,1012,GasA,TA,Y,SBrkr,1034,0,0,1034,1,0,1,0,3,1,TA,6,Typ,0,NA,Attchd,1976,Unf,3,888,TA,TA,Y,0,0,0,0,0,0,NA,NA,NA,0,5,2010,WD,Normal
97,75,RM,60,9600,Pave,Grvl,Reg,Lvl,AllPub,Inside,Gtl,OldTown,Norm,Norm,1Fam,2.5Unf,6,5,1917,1950,Gable,CompShg,AsbShng,AsbShng,None,0,TA,TA,BrkTil,Gd,TA,No,Rec,319,Unf,0,416,735,OthW,Fa,N,SBrkr,1134,924,0,2058,0,0,1,1,3,1,TA,8,Typ,1,Gd,Detchd,1950,Unf,2,396,Fa,Fa,P,0,0,259,0,0,0,NA,NA,NA,0,4,2008,WD,Normal
98,20,RL,60,7200,Pave,NA,Reg,Lvl,AllPub,Inside,Gtl,NAmes,Norm,Norm,1Fam,1Story,5,7,1950,1950,Gable,CompShg,MetalSd,MetalSd,None,0,TA,TA,CBlock,TA,TA,No,BLQ,534,Rec,96,246,876,GasA,TA,Y,SBrkr,988,0,0,988,0,0,1,0,3,1,TA,6,Typ,0,NA,Attchd,1950,Unf,1,276,TA,TA,Y,0,80,0,0,0,0,NA,NA,NA,0,5,2007,WD,Normal
99,20,RL,93,11160,Pave,NA,Reg,Lvl,AllPub,Corner,Gtl,NAmes,Norm,Norm,1Fam,1Story,7,5,1968,1968,Hip,CompShg,BrkFace,BrkFace,None,0,Gd,TA,CBlock,TA,TA,No,ALQ,1065,Unf,0,1045,2110,GasA,Ex,Y,SBrkr,2110,0,0,2110,1,0,2,1,3,1,Ex,8,Typ,2,TA,Attchd,1968,Fin,2,522,TA,TA,Y,0,0,0,0,0,0,NA,NA,NA,0,4,2010,WD,Normal
100,120,RL,NA,3136,Pave,NA,IR1,Lvl,AllPub,Corner,Gtl,NridgHt,Norm,Norm,TwnhsE,1Story,7,5,2003,2003,Gable,CompShg,VinylSd,Wd Shng,Stone,163,Gd,TA,PConc,Gd,TA,No,Unf,0,Unf,0,1405,1405,GasA,Ex,Y,SBrkr,1405,0,0,1405,0,0,2,0,2,1,Gd,6,Typ,1,Gd,Attchd,2003,RFn,2,478,TA,TA,Y,148,36,0,0,0,0,NA,NA,NA,0,3,2006,WD,Normal
101,20,RL,62,9858,Pave,NA,Reg,Lvl,AllPub,Inside,Gtl,Mitchel,Norm,Norm,1Fam,1Story,5,6,1968,1968,Gable,CompShg,HdBoard,HdBoard,None,0,TA,TA,CBlock,TA,TA,No,BLQ,510,Unf,0,354,864,GasA,TA,Y,SBrkr,874,0,0,874,1,0,1,0,3,1,TA,5,Typ,0,NA,Attchd,1968,RFn,1,288,TA,TA,Y,33,0,0,0,0,0,NA,GdWo,Shed,600,11,2009,WD,Normal
102,60,RL,NA,17542,Pave,NA,IR1,Lvl,AllPub,Inside,Gtl,Veenker,Norm,Norm,1Fam,2Story,7,7,1974,2003,Gable,CompShg,Wd Sdng,Wd Sdng,None,0,Gd,TA,CBlock,TA,TA,Gd,LwQ,125,ALQ,1031,36,1192,GasA,TA,Y,SBrkr,1516,651,0,2167,1,0,2,1,3,1,Gd,9,Typ,2,Gd,Attchd,1974,RFn,2,518,TA,TA,Y,220,47,0,0,0,0,NA,MnPrv,NA,0,7,2007,WD,Normal
103,60,RL,60,6931,Pave,NA,Reg,Lvl,AllPub,Inside,Gtl,Edwards,Norm,Norm,1Fam,2Story,7,5,2003,2004,Gable,CompShg,VinylSd,VinylSd,Stone,92,Gd,TA,PConc,Gd,TA,No,Unf,0,Unf,0,746,746,GasA,Ex,Y,SBrkr,760,896,0,1656,0,0,2,1,3,1,Gd,7,Typ,1,Gd,BuiltIn,2003,Fin,2,397,TA,TA,Y,178,128,0,0,0,0,NA,NA,NA,0,7,2008,WD,Normal
104,50,RM,52,6240,Pave,NA,Reg,Lvl,AllPub,Inside,Gtl,BrkSide,Norm,Norm,1Fam,1.5Fin,6,6,1931,1950,Gable,CompShg,Wd Sdng,Wd Sdng,None,0,TA,TA,BrkTil,TA,Fa,No,LwQ,425,Unf,0,459,884,GasA,TA,Y,FuseA,959,408,0,1367,0,0,1,0,3,1,TA,6,Typ,1,Gd,Detchd,1978,Unf,1,560,TA,TA,Y,0,0,0,0,120,0,NA,NA,NA,0,11,2007,WD,Normal
105,20,RL,91,14303,Pave,NA,IR1,Lvl,AllPub,Corner,Gtl,NoRidge,Norm,Norm,1Fam,1Story,8,5,1994,1994,Hip,CompShg,HdBoard,HdBoard,BrkFace,554,Gd,TA,PConc,Gd,TA,Gd,GLQ,1314,Unf,0,672,1986,GasA,Ex,Y,SBrkr,1987,0,0,1987,1,0,2,0,2,1,Gd,7,Typ,1,TA,Attchd,1994,Fin,2,691,TA,TA,Y,262,36,0,0,0,0,NA,NA,NA,0,8,2008,WD,Normal
106,30,RL,56,4060,Pave,NA,Reg,Lvl,AllPub,Corner,Gtl,Edwards,Feedr,Norm,1Fam,1Story,5,8,1922,1950,Gable,CompShg,Wd Sdng,Wd Sdng,None,0,TA,TA,PConc,Fa,TA,No,Unf,0,Unf,0,864,864,GasA,Ex,Y,SBrkr,864,0,0,864,0,0,1,0,2,1,TA,4,Typ,0,NA,NA,NA,NA,0,0,NA,NA,Y,0,96,0,0,0,0,NA,NA,NA,0,7,2009,WD,Normal
107,80,RL,59,9587,Pave,NA,IR1,Lvl,AllPub,Inside,Gtl,Gilbert,Norm,Norm,1Fam,SLvl,7,5,2005,2005,Gable,CompShg,VinylSd,VinylSd,Stone,182,Gd,TA,PConc,Gd,TA,Gd,GLQ,655,Unf,0,201,856,GasA,Ex,Y,SBrkr,1166,0,0,1166,1,0,2,0,2,1,Gd,5,Typ,0,NA,Attchd,2005,Fin,2,400,TA,TA,Y,212,0,0,0,0,0,NA,NA,NA,0,7,2008,WD,Normal
108,20,RL,65,9750,Pave,NA,Reg,Lvl,AllPub,FR2,Gtl,NAmes,Norm,Norm,1Fam,1Story,6,8,1969,1969,Gable,CompShg,HdBoard,HdBoard,None,0,TA,TA,CBlock,Gd,TA,No,ALQ,602,LwQ,438,14,1054,GasA,Gd,Y,SBrkr,1054,0,0,1054,1,0,1,1,3,1,TA,6,Typ,0,NA,Attchd,1969,Unf,2,460,TA,TA,Y,180,0,0,0,80,0,NA,NA,NA,0,7,2008,WD,Normal
109,60,RL,NA,24682,Pave,NA,IR3,Lvl,AllPub,CulDSac,Gtl,Gilbert,RRAn,Norm,1Fam,2Story,6,5,1999,1999,Gable,CompShg,VinylSd,VinylSd,None,0,TA,TA,PConc,Gd,TA,No,Unf,0,Unf,0,841,841,GasA,Ex,Y,SBrkr,892,783,0,1675,0,0,2,1,3,1,TA,7,Typ,1,TA,BuiltIn,1999,Fin,2,502,TA,TA,Y,0,103,0,0,0,0,NA,NA,NA,0,6,2009,WD,Normal
110,20,RL,80,9600,Pave,NA,Reg,Lvl,AllPub,Inside,Gtl,NAmes,Norm,Norm,1Fam,1Story,5,6,1956,1956,Hip,CompShg,MetalSd,MetalSd,None,0,TA,TA,CBlock,TA,TA,No,Rec,504,Unf,0,546,1050,GasA,Gd,Y,SBrkr,1050,0,0,1050,0,0,1,0,2,1,TA,5,Typ,0,NA,Attchd,1956,Unf,1,338,TA,TA,Y,0,0,0,0,0,0,NA,NA,NA,0,6,2009,WD,Normal
111,50,RL,NA,11250,Pave,NA,Reg,Lvl,AllPub,Inside,Gtl,ClearCr,Norm,Norm,1Fam,1.5Fin,4,5,1957,1989,Gable,CompShg,Wd Sdng,Wd Sdng,None,0,TA,TA,CBlock,TA,TA,Av,Unf,0,Unf,0,1104,1104,GasA,Ex,Y,FuseA,1104,684,0,1788,1,0,1,0,5,1,TA,8,Min2,2,TA,Attchd,1957,Unf,1,304,TA,TA,Y,120,0,0,0,0,0,NA,NA,NA,0,11,2009,WD,Normal
112,70,RL,60,13515,Pave,Pave,Reg,Lvl,AllPub,Inside,Gtl,BrkSide,Norm,Norm,1Fam,2Story,6,6,1919,1950,Gambrel,CompShg,Wd Sdng,Wd Sdng,None,0,TA,TA,PConc,TA,TA,No,Unf,0,Unf,0,764,764,GasA,Ex,Y,FuseA,1060,764,0,1824,0,0,1,0,3,1,TA,8,Typ,1,Gd,Detchd,1940,Unf,2,520,TA,TA,N,0,0,126,0,0,0,NA,GdPrv,NA,0,7,2007,WD,Normal
113,120,RH,34,4060,Pave,NA,Reg,Lvl,AllPub,Inside,Gtl,NAmes,Norm,Norm,TwnhsE,1Story,6,5,1998,1999,Gable,CompShg,MetalSd,MetalSd,None,0,Gd,TA,PConc,Gd,TA,No,GLQ,266,Unf,0,1139,1405,GasA,Ex,Y,SBrkr,1337,0,0,1337,1,0,2,0,2,1,Gd,5,Typ,0,NA,Attchd,1998,Fin,2,511,TA,TA,Y,144,68,0,0,0,0,NA,NA,NA,0,8,2008,COD,Abnorml
114,160,FV,35,3735,Pave,NA,Reg,Lvl,AllPub,FR3,Gtl,Somerst,Norm,Norm,TwnhsE,2Story,7,5,1999,1999,Hip,CompShg,MetalSd,MetalSd,BrkFace,218,Gd,TA,PConc,Gd,TA,No,GLQ,450,Unf,0,241,691,GasA,Ex,Y,SBrkr,713,739,0,1452,1,0,2,1,3,1,Gd,6,Typ,0,NA,Detchd,1999,Unf,2,506,TA,TA,Y,0,34,0,0,0,0,NA,NA,NA,0,3,2006,WD,Normal
115,190,RM,60,10120,Pave,NA,IR1,Bnk,AllPub,Inside,Gtl,OldTown,Feedr,Norm,2fmCon,2.5Unf,7,4,1910,1950,Hip,CompShg,Wd Sdng,Wd Sdng,None,0,Fa,TA,CBlock,TA,TA,No,Unf,0,Unf,0,925,925,GasA,TA,N,FuseF,964,925,0,1889,0,0,1,1,4,2,TA,9,Typ,1,Gd,Detchd,1960,Unf,1,308,TA,TA,N,0,0,264,0,0,0,NA,MnPrv,NA,0,1,2007,WD,Normal
116,20,RL,89,13214,Pave,NA,IR1,HLS,AllPub,Inside,Gtl,Timber,Norm,Norm,1Fam,1Story,9,5,2008,2009,Hip,CompShg,Stucco,CmentBd,None,0,Ex,TA,PConc,Ex,TA,Gd,Unf,0,Unf,0,2002,2002,GasA,Ex,Y,SBrkr,2018,0,0,2018,0,0,2,0,3,1,Ex,10,Typ,1,Gd,Attchd,2009,Fin,3,746,TA,TA,Y,144,76,0,0,0,0,NA,NA,NA,0,5,2010,WD,Normal
117,50,RL,NA,14100,Pave,NA,IR1,Lvl,AllPub,Inside,Mod,Crawfor,Norm,Norm,1Fam,1.5Fin,8,9,1935,1997,Gable,CompShg,Stucco,Stucco,BrkFace,632,TA,Gd,CBlock,TA,TA,Mn,Rec,192,Unf,0,536,728,GasA,Ex,Y,SBrkr,1968,1479,0,3447,0,0,3,1,4,1,Gd,11,Typ,2,Gd,BuiltIn,1982,Unf,3,1014,TA,TA,Y,314,12,0,0,0,0,NA,GdWo,NA,0,5,2008,WD,Normal
118,50,RL,78,11344,Pave,NA,Reg,Lvl,AllPub,Inside,Gtl,NAmes,Feedr,Norm,1Fam,1.5Fin,5,5,1958,1958,Gable,CompShg,MetalSd,MetalSd,BrkFace,180,TA,TA,CBlock,TA,TA,No,BLQ,460,Unf,0,414,874,GasW,TA,Y,FuseA,874,650,0,1524,0,0,1,1,3,1,TA,7,Typ,0,NA,Attchd,1958,Unf,1,315,TA,TA,Y,0,0,0,0,0,0,NA,GdWo,NA,0,7,2007,WD,Normal
119,20,RL,NA,9156,Pave,NA,IR1,Lvl,AllPub,Inside,Gtl,NWAmes,PosN,Norm,1Fam,1Story,6,7,1968,1968,Hip,CompShg,BrkFace,BrkFace,None,0,TA,TA,CBlock,TA,TA,No,Unf,0,Unf,0,1489,1489,GasA,Gd,Y,SBrkr,1489,0,0,1489,0,0,2,0,3,1,Gd,7,Typ,1,Gd,Attchd,1968,RFn,2,462,TA,TA,Y,0,0,0,0,0,0,NA,NA,NA,0,8,2009,WD,Normal
120,20,RL,NA,13526,Pave,NA,IR1,Lvl,AllPub,CulDSac,Gtl,Sawyer,Norm,Norm,1Fam,1Story,5,6,1965,1965,Hip,CompShg,HdBoard,Plywood,BrkFace,114,TA,TA,CBlock,TA,TA,No,BLQ,560,LwQ,375,0,935,GasA,TA,Y,SBrkr,935,0,0,935,1,0,1,0,3,1,TA,5,Typ,0,NA,Attchd,1965,Unf,1,288,TA,TA,Y,180,0,0,0,0,0,NA,MnPrv,NA,0,11,2006,WD,Normal
121,80,RL,124,11512,Pave,NA,IR1,Lvl,AllPub,Corner,Gtl,Edwards,Norm,Norm,1Fam,SLvl,6,7,1959,2006,Gable,CompShg,Plywood,Plywood,BrkFace,84,TA,TA,CBlock,TA,TA,Av,ALQ,719,Unf,0,300,1019,GasA,Gd,Y,SBrkr,1357,0,0,1357,1,0,1,0,2,1,Ex,5,Typ,1,Gd,Basment,1959,RFn,1,312,TA,TA,Y,0,0,0,0,163,0,NA,GdPrv,NA,0,5,2008,WD,Normal
122,50,RL,53,5362,Pave,NA,Reg,Lvl,AllPub,Corner,Gtl,Crawfor,Norm,Norm,1Fam,1.5Fin,5,6,1910,2003,Gable,CompShg,Wd Sdng,Wd Shng,None,0,TA,TA,PConc,TA,TA,No,Unf,0,Unf,0,661,661,GasA,Ex,Y,SBrkr,661,589,0,1250,0,0,2,0,3,1,TA,8,Typ,1,Gd,Detchd,1985,Unf,2,552,TA,TA,Y,242,0,81,0,0,0,NA,NA,NA,0,11,2007,WD,Normal
123,60,RL,NA,12936,Pave,NA,IR1,Lvl,AllPub,CulDSac,Gtl,NWAmes,Norm,Norm,1Fam,2Story,6,6,1972,1972,Gable,CompShg,HdBoard,Plywood,None,0,TA,TA,CBlock,TA,Gd,No,BLQ,593,Unf,0,130,723,GasA,TA,Y,SBrkr,735,660,0,1395,0,1,1,1,3,1,TA,6,Typ,1,TA,Attchd,1972,Unf,2,497,TA,TA,Y,294,116,0,0,0,0,NA,NA,NA,0,12,2009,WD,Normal
124,80,RL,NA,17871,Pave,NA,IR1,Lvl,AllPub,CulDSac,Gtl,NWAmes,Norm,Norm,1Fam,SLvl,6,5,1967,1976,Gable,CompShg,HdBoard,HdBoard,BrkFace,359,TA,TA,CBlock,Gd,TA,Av,ALQ,528,Unf,0,1152,1680,GasA,Fa,Y,SBrkr,1724,0,0,1724,1,0,1,1,3,1,TA,7,Typ,1,Gd,Attchd,1967,RFn,2,480,TA,TA,Y,0,0,0,0,0,0,NA,NA,NA,0,6,2009,WD,Normal
125,60,RL,75,9473,Pave,NA,Reg,Lvl,AllPub,Inside,Gtl,CollgCr,Norm,Norm,1Fam,2Story,8,5,2002,2002,Gable,CompShg,VinylSd,VinylSd,NA,NA,Gd,TA,PConc,Gd,TA,No,GLQ,804,Unf,0,324,1128,GasA,Ex,Y,SBrkr,1128,903,0,2031,1,0,2,1,3,1,Gd,7,Typ,1,Gd,Attchd,2002,RFn,2,577,TA,TA,Y,0,211,0,0,0,0,NA,NA,NA,0,3,2008,WD,Normal
126,50,C (all),60,7500,Pave,NA,Reg,Lvl,AllPub,Inside,Gtl,IDOTRR,Norm,Norm,1Fam,1.5Fin,4,4,1920,1950,Gable,CompShg,MetalSd,MetalSd,None,0,TA,Gd,CBlock,TA,TA,No,Unf,0,Unf,0,698,698,GasA,TA,Y,FuseA,698,430,0,1128,0,0,1,0,2,1,TA,6,Typ,0,NA,Detchd,1980,RFn,2,528,TA,TA,Y,30,0,164,0,0,0,NA,NA,NA,0,4,2010,COD,Abnorml
127,20,RL,67,9808,Pave,NA,IR1,Lvl,AllPub,Inside,Gtl,CollgCr,Norm,Norm,1Fam,1Story,7,5,2002,2002,Gable,CompShg,VinylSd,VinylSd,BrkFace,110,Gd,TA,PConc,Gd,TA,No,GLQ,788,Unf,0,785,1573,GasA,Ex,Y,SBrkr,1573,0,0,1573,1,0,2,0,3,1,Gd,6,Typ,0,NA,Attchd,2002,RFn,2,544,TA,TA,Y,0,72,0,0,0,0,NA,NA,NA,0,3,2009,WD,Normal
128,20,RL,50,8049,Pave,NA,IR1,Lvl,AllPub,CulDSac,Gtl,Timber,Norm,Norm,1Fam,1Story,7,5,1990,1990,Hip,CompShg,HdBoard,HdBoard,BrkFace,54,TA,TA,CBlock,Gd,TA,No,ALQ,1053,Unf,0,256,1309,GasA,TA,Y,SBrkr,1339,0,0,1339,1,0,2,0,2,1,TA,6,Typ,1,TA,Attchd,1990,Fin,2,484,Gd,Gd,Y,0,58,0,0,90,0,NA,NA,NA,0,7,2006,WD,Normal
129,20,RL,61,8800,Pave,NA,IR1,Lvl,AllPub,Inside,Gtl,CollgCr,Norm,Norm,1Fam,1Story,5,7,1977,2008,Gable,CompShg,HdBoard,HdBoard,None,0,TA,TA,CBlock,Gd,TA,Mn,LwQ,532,Rec,144,364,1040,GasA,TA,Y,SBrkr,1040,0,0,1040,0,0,2,0,3,1,Gd,5,Typ,0,NA,Detchd,1977,Unf,2,484,TA,TA,Y,0,0,0,0,288,0,NA,NA,NA,0,9,2009,WD,Normal
130,90,RL,94,9400,Pave,NA,Reg,Low,AllPub,Corner,Gtl,Mitchel,Norm,Norm,Duplex,2Story,6,5,1971,1971,Mansard,CompShg,MetalSd,Wd Shng,None,0,TA,TA,CBlock,TA,TA,Av,Unf,0,Unf,0,912,912,GasA,TA,Y,SBrkr,912,912,0,1824,0,0,2,2,4,2,TA,8,Typ,0,NA,NA,NA,NA,0,0,NA,NA,Y,128,0,0,0,0,0,NA,NA,NA,0,4,2010,WD,Normal
131,50,RL,50,9638,Pave,NA,Reg,Lvl,AllPub,Inside,Gtl,SWISU,Feedr,Norm,1Fam,1.5Fin,6,7,1919,1990,Gable,CompShg,Wd Sdng,Wd Shng,None,0,TA,TA,PConc,TA,TA,No,Unf,0,Unf,0,804,804,GasA,Ex,Y,SBrkr,1699,748,0,2447,0,0,2,0,4,1,Gd,10,Min2,1,Gd,Detchd,1969,Unf,1,336,TA,TA,Y,272,0,42,0,116,0,NA,NA,NA,0,3,2010,WD,Normal
132,50,RM,50,6000,Pave,NA,Reg,Lvl,AllPub,Inside,Gtl,BrkSide,Norm,Norm,1Fam,1.5Fin,6,6,1939,1950,Gable,CompShg,MetalSd,MetalSd,None,0,TA,Fa,CBlock,TA,TA,No,Unf,0,Unf,0,780,780,GasA,Ex,Y,FuseF,825,587,0,1412,0,0,1,0,4,1,TA,6,Typ,1,Gd,Detchd,1939,Unf,1,280,TA,TA,Y,45,0,0,0,0,0,NA,NA,NA,0,5,2009,WD,Normal
133,20,RL,NA,9790,Pave,NA,Reg,Lvl,AllPub,Inside,Gtl,NWAmes,Feedr,Norm,1Fam,1Story,6,5,1963,1963,Hip,CompShg,HdBoard,HdBoard,BrkFace,451,TA,TA,CBlock,TA,TA,No,ALQ,569,Rec,81,678,1328,GasA,TA,Y,SBrkr,1328,0,0,1328,1,0,1,1,3,1,TA,6,Typ,2,Gd,Attchd,1963,Unf,2,528,TA,TA,Y,0,26,0,0,0,0,NA,NA,NA,0,6,2010,WD,Normal
134,20,RL,NA,36500,Pave,NA,IR1,Low,AllPub,Inside,Mod,ClearCr,Norm,Norm,1Fam,1Story,5,5,1964,1964,Gable,CompShg,Wd Sdng,Wd Sdng,BrkCmn,621,TA,Gd,CBlock,TA,TA,Av,Rec,812,Unf,0,812,1624,GasA,Fa,Y,SBrkr,1582,0,0,1582,0,1,2,0,4,1,TA,7,Typ,0,NA,Attchd,1964,Unf,2,390,TA,TA,N,168,198,0,0,0,0,NA,NA,NA,0,6,2006,WD,Normal
135,120,RL,40,5664,Pave,NA,IR1,Lvl,AllPub,Inside,Gtl,StoneBr,Norm,Norm,TwnhsE,1Story,8,5,2000,2000,Gable,CompShg,CemntBd,CmentBd,None,0,Gd,TA,PConc,Gd,TA,No,GLQ,1158,Unf,0,343,1501,GasA,Ex,Y,SBrkr,1659,0,0,1659,1,0,2,0,2,1,Ex,5,Typ,1,Ex,Attchd,2000,Fin,2,499,TA,TA,Y,212,59,0,0,0,0,NA,NA,NA,0,10,2009,WD,Normal
136,60,RL,86,11065,Pave,NA,IR1,Lvl,AllPub,Inside,Gtl,NridgHt,Norm,Norm,1Fam,2Story,8,5,2006,2006,Gable,CompShg,VinylSd,VinylSd,Stone,788,Gd,TA,PConc,Gd,TA,Mn,Unf,0,Unf,0,1085,1085,GasA,Ex,Y,SBrkr,1120,850,0,1970,0,0,2,1,3,1,Ex,8,Typ,1,Gd,BuiltIn,2006,Fin,3,753,TA,TA,Y,177,74,0,0,0,0,NA,NA,NA,0,10,2006,New,Partial
137,80,RL,NA,14112,Pave,NA,IR1,Lvl,AllPub,Corner,Gtl,NAmes,Norm,Norm,1Fam,SLvl,5,7,1964,1964,Hip,CompShg,Wd Sdng,HdBoard,BrkFace,86,TA,TA,PConc,TA,TA,Av,GLQ,1014,Unf,0,138,1152,GasA,TA,Y,SBrkr,1152,0,0,1152,1,0,1,0,3,1,TA,6,Typ,1,Gd,Attchd,1964,RFn,2,484,TA,TA,Y,227,0,0,0,0,0,NA,NA,NA,0,4,2010,WD,Normal
138,160,RM,21,1680,Pave,NA,Reg,Lvl,AllPub,Inside,Gtl,BrDale,Norm,Norm,Twnhs,2Story,5,7,1972,1972,Gable,CompShg,CemntBd,CmentBd,BrkFace,268,TA,TA,CBlock,TA,TA,No,ALQ,231,Unf,0,399,630,GasA,TA,Y,SBrkr,630,672,0,1302,0,0,2,1,3,1,TA,6,Typ,0,NA,Detchd,1972,Unf,1,264,TA,TA,Y,185,0,0,0,0,0,NA,NA,NA,0,2,2009,WD,Normal
139,70,RM,60,6600,Pave,NA,Reg,Lvl,AllPub,Corner,Gtl,OldTown,Norm,Norm,1Fam,2Story,5,4,1892,1965,Gable,CompShg,Wd Sdng,Wd Sdng,None,0,TA,TA,Stone,TA,TA,No,Unf,0,Unf,0,994,994,GasA,TA,N,SBrkr,1378,994,0,2372,0,0,2,0,4,2,TA,11,Min2,0,NA,Attchd,1985,RFn,1,432,TA,TA,Y,0,287,0,0,0,0,NA,NA,NA,0,12,2009,WD,Normal
140,60,RL,78,10140,Pave,NA,Reg,Lvl,AllPub,Inside,Gtl,NWAmes,Norm,Norm,1Fam,2Story,7,5,1976,1976,Gable,CompShg,HdBoard,HdBoard,None,0,TA,TA,PConc,Gd,TA,No,GLQ,194,Unf,0,638,832,GasA,TA,Y,SBrkr,832,832,0,1664,0,0,2,1,4,1,TA,8,Typ,1,TA,Attchd,1976,RFn,2,528,TA,TA,Y,0,28,0,0,259,0,NA,GdWo,NA,0,3,2006,WD,Normal
141,20,RL,60,8172,Pave,NA,Reg,Lvl,AllPub,Inside,Gtl,Edwards,Norm,Norm,1Fam,1Story,5,7,1955,1990,Hip,CompShg,WdShing,Plywood,None,0,TA,TA,CBlock,TA,TA,No,Rec,167,Unf,0,697,864,GasA,TA,Y,SBrkr,864,0,0,864,1,0,1,0,2,1,TA,5,Typ,0,NA,Detchd,1957,Unf,2,572,TA,TA,N,0,0,0,0,0,0,NA,NA,NA,0,4,2006,WD,Normal
142,20,RL,70,8400,Pave,NA,Reg,Lvl,AllPub,Inside,Gtl,NAmes,Feedr,Norm,1Fam,1Story,5,5,1968,1968,Hip,CompShg,HdBoard,HdBoard,BrkFace,168,TA,TA,CBlock,TA,TA,Av,BLQ,1016,Unf,0,36,1052,GasA,Gd,Y,SBrkr,1052,0,0,1052,1,0,1,1,3,1,TA,5,Typ,0,NA,Attchd,1968,RFn,1,288,TA,TA,Y,356,0,0,0,0,0,NA,GdWo,NA,0,11,2006,WD,Normal
143,20,RL,80,8700,Pave,NA,Reg,Lvl,AllPub,Inside,Gtl,NAmes,Norm,Norm,1Fam,1Story,5,6,1963,1963,Hip,CompShg,MetalSd,MetalSd,BrkFace,148,TA,Gd,CBlock,TA,TA,Mn,ALQ,776,Unf,0,344,1120,GasA,Gd,Y,SBrkr,1128,0,0,1128,1,0,2,0,3,1,TA,6,Typ,0,NA,Attchd,1963,RFn,2,525,TA,TA,Y,192,20,123,0,0,0,NA,MnPrv,NA,0,12,2008,WD,Normal
144,180,RM,35,3675,Pave,NA,Reg,Lvl,AllPub,Inside,Gtl,Edwards,Norm,Norm,TwnhsE,SFoyer,6,5,2005,2006,Gable,CompShg,VinylSd,VinylSd,BrkFace,82,TA,TA,PConc,Gd,TA,Gd,GLQ,547,Unf,0,0,547,GasA,Gd,Y,SBrkr,1072,0,0,1072,1,0,2,0,2,1,TA,5,Typ,0,NA,Basment,2005,Fin,2,525,TA,TA,Y,0,44,0,0,0,0,NA,NA,NA,0,6,2006,New,Partial
145,20,RL,75,7500,Pave,NA,Reg,Lvl,AllPub,Inside,Gtl,NAmes,Norm,Norm,1Fam,1Story,5,7,1959,1994,Hip,CompShg,BrkFace,BrkFace,None,0,TA,TA,CBlock,TA,TA,No,LwQ,340,Rec,906,0,1246,GasA,Ex,Y,SBrkr,1246,0,0,1246,1,0,1,1,3,1,Gd,6,Typ,0,NA,Attchd,1959,RFn,1,305,TA,TA,Y,218,0,0,0,0,0,NA,GdPrv,NA,0,5,2010,WD,Normal
146,60,RL,NA,10762,Pave,NA,IR1,Lvl,AllPub,CulDSac,Gtl,Gilbert,Norm,Norm,1Fam,2Story,7,5,1999,1999,Gable,CompShg,VinylSd,VinylSd,None,344,Gd,TA,PConc,Gd,TA,No,GLQ,694,Unf,0,284,978,GasA,Ex,Y,SBrkr,1005,978,0,1983,0,0,2,1,3,1,Gd,9,Typ,1,TA,Attchd,1999,Fin,2,490,TA,TA,Y,0,0,0,0,0,0,NA,NA,NA,0,5,2009,WD,Normal
147,70,RL,NA,7500,Pave,NA,IR1,Bnk,AllPub,Inside,Gtl,Crawfor,Norm,Norm,1Fam,2Story,6,7,1942,1950,Gable,CompShg,Wd Sdng,Wd Sdng,None,0,TA,TA,CBlock,TA,TA,No,BLQ,547,Unf,0,224,771,GasA,Fa,Y,SBrkr,753,741,0,1494,0,0,1,0,3,1,Gd,7,Typ,2,Gd,Attchd,1942,Unf,1,213,TA,TA,P,0,0,0,0,224,0,NA,NA,NA,0,11,2009,WD,Normal
148,60,RL,92,10120,Pave,NA,Reg,Lvl,AllPub,Inside,Gtl,NoRidge,Norm,Norm,1Fam,2Story,8,5,1994,1994,Hip,CompShg,VinylSd,VinylSd,BrkFace,391,Gd,TA,PConc,Gd,TA,No,GLQ,740,Unf,0,425,1165,GasA,Ex,Y,SBrkr,1203,1323,0,2526,1,0,2,1,4,1,Gd,8,Typ,1,TA,Attchd,1994,RFn,3,844,TA,TA,Y,309,78,0,0,0,0,NA,NA,NA,0,12,2006,WD,Normal
149,20,RL,73,8688,Pave,NA,Reg,Lvl,AllPub,Inside,Gtl,Somerst,Norm,Norm,1Fam,1Story,7,5,2005,2005,Gable,CompShg,VinylSd,VinylSd,BrkFace,228,Gd,TA,PConc,Gd,TA,Av,Unf,0,Unf,0,1616,1616,GasA,Ex,Y,SBrkr,1616,0,0,1616,0,0,2,0,3,1,Gd,7,Typ,0,NA,Attchd,2005,RFn,3,834,TA,TA,Y,208,59,0,0,0,0,NA,NA,NA,0,4,2006,WD,Normal
150,160,RM,32,3363,Pave,NA,Reg,Lvl,AllPub,Inside,Gtl,Edwards,Norm,Norm,TwnhsE,2Story,7,5,2004,2004,Gable,CompShg,VinylSd,VinylSd,Stone,117,Gd,TA,PConc,Gd,TA,No,Unf,0,Unf,0,976,976,GasA,Ex,Y,SBrkr,976,732,0,1708,0,0,2,0,3,1,Gd,7,Maj1,0,NA,Detchd,2004,Unf,2,380,TA,TA,Y,0,40,0,0,0,0,NA,NA,NA,0,4,2006,WD,Normal
151,20,RL,108,13173,Pave,NA,IR1,Lvl,AllPub,Corner,Gtl,NridgHt,Norm,Norm,1Fam,1Story,9,5,2006,2007,Hip,CompShg,VinylSd,VinylSd,Stone,300,Gd,TA,PConc,Ex,TA,No,GLQ,1572,Unf,0,80,1652,GasA,Ex,Y,SBrkr,1652,0,0,1652,1,0,2,0,2,1,Ex,6,Typ,2,Ex,Attchd,2006,Fin,2,840,TA,TA,Y,404,102,0,0,0,0,NA,NA,NA,0,11,2009,WD,Normal
152,120,RL,48,6955,Pave,NA,IR1,Lvl,AllPub,Inside,Gtl,NridgHt,Norm,Norm,TwnhsE,1Story,7,5,2005,2006,Gable,CompShg,VinylSd,VinylSd,Stone,94,Gd,TA,PConc,Gd,TA,No,Unf,0,Unf,0,1368,1368,GasA,Ex,Y,SBrkr,1368,0,0,1368,0,0,2,0,2,1,Gd,6,Typ,1,Gd,Attchd,2005,RFn,2,474,TA,TA,Y,132,35,0,0,0,0,NA,NA,NA,0,9,2006,New,Partial
153,20,RL,60,8072,Pave,NA,Reg,Lvl,AllPub,Inside,Gtl,CollgCr,Norm,Norm,1Fam,1Story,5,5,1994,1995,Gable,CompShg,VinylSd,VinylSd,None,0,TA,Gd,PConc,Gd,Gd,No,ALQ,746,Unf,0,244,990,GasA,Ex,Y,SBrkr,990,0,0,990,1,0,1,0,3,1,TA,5,Typ,0,NA,Detchd,2000,Unf,2,480,TA,TA,Y,0,64,0,0,0,0,NA,NA,NA,0,5,2009,WD,Normal
154,20,RM,100,12000,Pave,NA,Reg,Lvl,AllPub,Inside,Gtl,OldTown,Norm,Norm,1Fam,1Story,5,7,1948,2005,Gable,CompShg,MetalSd,MetalSd,None,0,TA,TA,CBlock,TA,TA,No,GLQ,144,ALQ,608,172,924,GasA,Ex,Y,SBrkr,1122,0,0,1122,1,0,1,0,2,1,Gd,6,Typ,0,NA,Attchd,1948,Unf,2,528,TA,TA,Y,0,36,0,0,0,0,NA,GdWo,NA,0,5,2008,WD,Normal
155,20,RL,NA,7153,Pave,NA,Reg,Lvl,AllPub,Inside,Gtl,SawyerW,Norm,Norm,1Fam,1Story,6,5,1991,1991,Gable,CompShg,HdBoard,HdBoard,BrkFace,88,TA,TA,CBlock,Gd,TA,No,GLQ,1200,Unf,0,78,1278,GasA,Gd,Y,SBrkr,1294,0,0,1294,1,0,2,0,3,1,Gd,6,Typ,0,NA,Attchd,1991,RFn,2,496,TA,TA,Y,112,51,0,0,0,0,NA,GdWo,NA,0,6,2008,WD,Normal
156,20,RL,100,17500,Pave,NA,Reg,Lvl,AllPub,Inside,Gtl,Crawfor,PosA,Norm,1Fam,1Story,7,8,1959,2002,Gable,CompShg,BrkFace,HdBoard,None,0,Gd,Gd,PConc,Gd,TA,Av,GLQ,1406,Unf,0,496,1902,GasA,TA,Y,SBrkr,1902,0,0,1902,1,0,2,0,3,1,Ex,7,Typ,2,TA,Attchd,1959,Fin,2,567,TA,TA,Y,0,207,162,0,0,0,NA,NA,NA,0,5,2010,WD,Normal
157,20,RL,68,8814,Pave,NA,Reg,Lvl,AllPub,Inside,Gtl,CollgCr,Norm,Norm,1Fam,1Story,7,5,2005,2007,Gable,CompShg,VinylSd,VinylSd,BrkFace,80,Gd,TA,PConc,Gd,TA,No,GLQ,925,Unf,0,349,1274,GasA,Ex,Y,SBrkr,1274,0,0,1274,1,0,2,0,3,1,Gd,6,Typ,0,NA,Attchd,2005,RFn,2,508,TA,TA,Y,264,98,0,0,0,0,NA,NA,NA,0,1,2007,New,Partial
158,60,RL,NA,9572,Pave,NA,IR1,Lvl,AllPub,Inside,Gtl,NoRidge,Norm,Norm,1Fam,2Story,8,5,1990,1990,Gable,CompShg,Wd Sdng,Wd Sdng,BrkFace,336,Gd,TA,PConc,Ex,TA,No,GLQ,482,Unf,0,971,1453,GasA,Ex,Y,SBrkr,1453,1357,0,2810,0,0,2,1,4,1,Gd,9,Typ,1,Ex,Attchd,1990,RFn,2,750,Gd,Gd,Y,500,0,0,0,0,0,NA,NA,NA,0,6,2007,WD,Normal
159,60,RL,108,14774,Pave,NA,IR1,Lvl,AllPub,Corner,Gtl,NoRidge,Norm,Norm,1Fam,2Story,9,5,1999,1999,Gable,CompShg,VinylSd,VinylSd,BrkFace,165,Gd,TA,PConc,Gd,TA,No,Unf,0,Unf,0,1393,1393,GasA,Ex,Y,SBrkr,1422,1177,0,2599,0,0,2,1,4,1,Gd,10,Typ,1,TA,BuiltIn,1999,Fin,3,779,TA,TA,Y,668,30,0,0,0,0,NA,NA,NA,0,5,2010,WD,Normal
160,20,RL,60,8190,Pave,NA,Reg,Lvl,AllPub,Inside,Gtl,Edwards,Norm,Norm,1Fam,1Story,4,6,1954,1954,Hip,CompShg,Wd Sdng,Wd Sdng,None,0,TA,TA,CBlock,TA,TA,No,Rec,732,Unf,0,216,948,GasA,Ex,Y,SBrkr,948,0,0,948,1,0,1,0,3,1,TA,5,Typ,1,TA,Detchd,1956,Unf,1,280,TA,TA,Y,0,36,0,0,0,0,NA,NA,NA,0,10,2007,WD,Normal
161,60,RL,85,11075,Pave,NA,Reg,Lvl,AllPub,Inside,Gtl,NAmes,Norm,Norm,1Fam,2Story,6,5,1969,1969,Gable,CompShg,HdBoard,HdBoard,None,0,TA,TA,CBlock,Fa,TA,Mn,ALQ,500,LwQ,276,176,952,GasA,TA,Y,SBrkr,1092,1020,0,2112,0,0,2,1,4,1,TA,9,Typ,2,Gd,Attchd,1969,Unf,2,576,TA,TA,Y,280,0,0,0,0,0,NA,NA,NA,0,6,2008,WD,Normal
162,20,RL,61,10226,Pave,NA,IR1,Lvl,AllPub,Inside,Gtl,CollgCr,Norm,Norm,1Fam,1Story,8,5,2008,2008,Gable,CompShg,VinylSd,VinylSd,Stone,270,Gd,TA,PConc,Ex,TA,Gd,Unf,0,Unf,0,1622,1622,GasA,Ex,Y,SBrkr,1630,0,0,1630,1,0,2,0,3,1,Ex,8,Typ,1,Gd,Attchd,2008,RFn,3,860,TA,TA,Y,172,42,0,0,0,0,NA,NA,NA,0,1,2009,WD,Normal
163,120,FV,47,4230,Pave,Pave,Reg,Lvl,AllPub,Corner,Gtl,Somerst,Norm,Norm,TwnhsE,1Story,7,5,2006,2007,Gable,CompShg,VinylSd,VinylSd,None,0,Gd,TA,PConc,Ex,Gd,No,Unf,0,Unf,0,1352,1352,GasA,Ex,Y,SBrkr,1352,0,0,1352,0,0,2,0,2,1,Gd,5,Typ,1,Gd,Attchd,2006,RFn,2,466,TA,TA,Y,0,241,0,0,0,0,NA,NA,NA,0,4,2007,New,Partial
164,20,RL,NA,14781,Pave,NA,IR2,Lvl,AllPub,CulDSac,Gtl,CollgCr,Norm,Norm,1Fam,1Story,8,5,2001,2002,Hip,CompShg,VinylSd,VinylSd,BrkFace,178,Gd,TA,PConc,Gd,TA,Gd,Unf,0,Unf,0,1753,1753,GasA,Ex,Y,SBrkr,1787,0,0,1787,0,0,2,0,3,1,Gd,7,Typ,1,TA,Attchd,2001,RFn,3,748,TA,TA,Y,198,150,0,0,0,0,NA,NA,NA,0,8,2006,WD,Normal
165,20,RL,75,10215,Pave,NA,Reg,Bnk,AllPub,Inside,Gtl,Edwards,Norm,Norm,1Fam,1Story,4,5,1954,1954,Hip,CompShg,Wd Sdng,Wd Sdng,BrkFace,132,TA,TA,PConc,TA,TA,No,ALQ,492,Unf,0,372,864,GasA,Ex,Y,SBrkr,948,0,0,948,0,0,1,0,3,1,TA,5,Typ,0,NA,Attchd,1954,Unf,1,248,TA,TA,Y,0,0,0,0,0,0,NA,NA,NA,0,2,2007,WD,Normal
166,20,RL,70,8400,Pave,NA,Reg,Lvl,AllPub,Inside,Gtl,NAmes,Norm,Norm,1Fam,1Story,6,3,1957,1957,Hip,CompShg,BrkFace,BrkFace,None,0,TA,TA,CBlock,TA,TA,No,ALQ,189,Rec,661,628,1478,GasA,Gd,Y,SBrkr,1478,0,0,1478,1,0,1,1,3,1,TA,6,Typ,2,Gd,Attchd,1957,RFn,2,442,TA,TA,Y,114,0,0,0,216,0,NA,NA,NA,0,6,2009,WD,Normal
167,20,RL,NA,6627,Pave,NA,IR1,Lvl,AllPub,Corner,Gtl,BrkSide,Feedr,Norm,1Fam,1Story,3,6,1949,1950,Hip,CompShg,VinylSd,VinylSd,None,0,TA,TA,CBlock,NA,NA,NA,NA,0,NA,0,0,0,Floor,TA,N,SBrkr,720,0,0,720,0,0,1,0,2,1,TA,4,Typ,0,NA,Detchd,1955,Unf,1,287,TA,Fa,Y,0,0,0,0,0,0,NA,NA,NA,0,7,2008,WD,Normal
168,60,RL,107,10186,Pave,NA,IR1,Lvl,AllPub,Inside,Gtl,NoRidge,Norm,Norm,1Fam,2Story,7,5,1992,1992,Gable,CompShg,HdBoard,HdBoard,None,0,Gd,TA,PConc,Gd,TA,No,GLQ,674,Unf,0,76,750,GasA,Ex,Y,SBrkr,1061,862,0,1923,1,0,2,1,3,1,Gd,8,Typ,1,TA,Attchd,1992,RFn,2,564,TA,TA,Y,240,39,0,0,0,0,NA,NA,NA,0,6,2010,WD,Normal
169,30,RL,50,5330,Pave,NA,Reg,HLS,AllPub,Inside,Gtl,BrkSide,Norm,Norm,1Fam,1Story,4,7,1940,1950,Hip,CompShg,VinylSd,VinylSd,None,0,Fa,TA,CBlock,TA,TA,No,LwQ,280,Unf,0,140,420,GasA,Gd,Y,SBrkr,708,0,0,708,0,0,1,0,2,1,Fa,5,Typ,0,NA,NA,NA,NA,0,0,NA,NA,Y,164,0,0,0,0,0,NA,NA,NA,0,12,2009,WD,Normal
170,20,RL,75,9986,Pave,NA,Reg,Lvl,AllPub,Inside,Gtl,Somerst,Norm,Norm,1Fam,1Story,8,5,2006,2007,Gable,CompShg,VinylSd,VinylSd,BrkFace,428,Gd,TA,PConc,Ex,TA,Av,Unf,0,Unf,0,1795,1795,GasA,Ex,Y,SBrkr,1795,0,0,1795,0,0,2,0,2,1,Gd,7,Typ,1,Gd,Attchd,2007,RFn,3,895,TA,TA,Y,0,49,0,0,0,0,NA,NA,NA,0,2,2007,New,Partial
171,30,RM,40,3636,Pave,NA,Reg,Lvl,AllPub,Inside,Gtl,IDOTRR,Norm,Norm,1Fam,1Story,4,4,1922,1950,Gable,CompShg,AsbShng,AsbShng,None,0,TA,TA,BrkTil,TA,Fa,No,Unf,0,Unf,0,796,796,GasA,Fa,N,SBrkr,796,0,0,796,0,0,1,0,2,1,TA,5,Typ,0,NA,NA,NA,NA,0,0,NA,NA,N,0,0,100,0,0,0,NA,MnPrv,NA,0,1,2008,WD,Normal
172,30,RH,70,4270,Pave,NA,Reg,Bnk,AllPub,Inside,Mod,Edwards,Norm,Norm,1Fam,1Story,3,6,1931,2006,Gable,CompShg,MetalSd,MetalSd,None,0,TA,TA,BrkTil,TA,TA,No,Rec,544,Unf,0,0,544,GasA,Ex,Y,SBrkr,774,0,0,774,0,0,1,0,3,1,Gd,6,Typ,0,NA,NA,NA,NA,0,0,NA,NA,Y,0,0,286,0,0,0,NA,NA,NA,0,5,2007,WD,Normal
173,20,RL,60,6600,Pave,NA,Reg,Lvl,AllPub,Inside,Gtl,Mitchel,Norm,Norm,1Fam,1Story,5,9,1982,2008,Gable,CompShg,VinylSd,VinylSd,None,0,Gd,Gd,CBlock,TA,TA,No,ALQ,641,Unf,0,175,816,GasA,Ex,Y,SBrkr,816,0,0,816,0,1,1,0,3,1,Gd,5,Typ,1,Ex,Attchd,1982,Unf,1,264,TA,TA,Y,0,0,0,0,0,0,NA,MnPrv,NA,0,10,2008,WD,Normal
174,50,RM,60,10440,Pave,Grvl,Reg,Lvl,AllPub,Corner,Gtl,OldTown,Norm,Norm,1Fam,1.5Fin,6,7,1920,1950,Gable,CompShg,BrkFace,Wd Sdng,None,0,Gd,Gd,BrkTil,Gd,TA,No,LwQ,493,Unf,0,1017,1510,GasW,Ex,Y,SBrkr,1584,1208,0,2792,0,0,2,0,5,1,TA,8,Mod,2,TA,Detchd,1920,Unf,2,520,Fa,TA,Y,0,547,0,0,480,0,NA,MnPrv,Shed,1150,6,2008,WD,Normal
175,60,RL,63,9084,Pave,NA,IR1,Lvl,AllPub,Inside,Gtl,Gilbert,Norm,Norm,1Fam,2Story,7,5,1998,1998,Hip,CompShg,VinylSd,VinylSd,None,0,TA,TA,PConc,Gd,TA,No,Unf,0,Unf,0,935,935,GasA,Gd,Y,SBrkr,955,677,0,1632,0,0,2,1,3,1,TA,8,Typ,1,TA,Attchd,1998,Fin,2,462,TA,TA,Y,0,28,0,0,0,0,NA,NA,NA,0,6,2006,WD,Normal
176,20,RL,85,10000,Pave,NA,Reg,Lvl,AllPub,Inside,Gtl,Somerst,Norm,Norm,1Fam,1Story,8,5,2006,2006,Hip,CompShg,VinylSd,VinylSd,Stone,410,Gd,TA,PConc,Gd,Gd,Av,Unf,0,Unf,0,1588,1588,GasA,Ex,Y,SBrkr,1588,0,0,1588,0,0,2,0,3,1,Gd,7,Typ,1,Gd,Attchd,2006,RFn,3,825,TA,TA,Y,144,45,0,0,0,0,NA,NA,NA,0,12,2007,WD,Normal
177,80,RL,55,10780,Pave,NA,IR1,Lvl,AllPub,Inside,Gtl,CollgCr,Norm,Norm,1Fam,SLvl,5,5,1976,1976,Gable,CompShg,MetalSd,MetalSd,None,0,TA,TA,CBlock,TA,TA,Av,ALQ,483,Unf,0,428,911,GasA,Gd,Y,SBrkr,954,0,0,954,0,0,1,0,3,1,TA,6,Typ,0,NA,Detchd,1976,Unf,2,576,TA,TA,Y,0,0,0,0,0,0,NA,NA,NA,0,7,2006,WD,Normal
178,20,RL,67,8877,Pave,NA,Reg,Lvl,AllPub,Inside,Mod,Edwards,Norm,Norm,1Fam,1Story,4,6,1938,1958,Gable,CompShg,MetalSd,MetalSd,None,0,TA,TA,CBlock,TA,TA,Mn,ALQ,690,Unf,0,126,816,GasA,Ex,Y,SBrkr,816,0,0,816,1,0,1,0,2,1,TA,3,Typ,1,Gd,Detchd,1958,Unf,1,288,Fa,Fa,Y,0,0,0,0,0,0,NA,NA,NA,0,5,2009,WD,Normal
179,50,RM,60,7200,Pave,NA,Reg,Lvl,AllPub,Corner,Gtl,IDOTRR,Norm,Norm,1Fam,1.5Fin,5,6,1938,1995,Gable,CompShg,Wd Sdng,Wd Sdng,None,0,TA,TA,CBlock,TA,TA,No,Unf,0,Unf,0,803,803,GasA,Ex,Y,SBrkr,803,557,0,1360,0,0,1,1,2,1,Gd,6,Typ,0,NA,Detchd,1951,Unf,1,297,TA,TA,Y,0,65,190,0,0,0,NA,MnPrv,NA,0,7,2006,WD,Normal
180,160,RM,24,2368,Pave,NA,Reg,Lvl,AllPub,Inside,Gtl,BrDale,Norm,Norm,TwnhsE,2Story,5,6,1970,1970,Gable,CompShg,HdBoard,HdBoard,None,312,TA,TA,CBlock,TA,TA,No,LwQ,765,Unf,0,0,765,GasA,TA,Y,SBrkr,765,600,0,1365,0,0,1,1,3,1,TA,7,Min1,0,NA,Attchd,1970,Unf,2,440,TA,TA,Y,0,36,0,0,0,0,NA,NA,NA,0,5,2009,WD,Normal
181,20,RL,80,9650,Pave,NA,Reg,Lvl,AllPub,Inside,Gtl,NWAmes,Norm,Norm,1Fam,1Story,6,5,1977,1977,Gable,CompShg,Plywood,Plywood,BrkFace,360,TA,TA,CBlock,Gd,TA,No,ALQ,686,Unf,0,664,1350,GasA,TA,Y,SBrkr,1334,0,0,1334,0,1,2,0,2,1,TA,6,Typ,1,TA,Attchd,1977,RFn,2,630,TA,TA,Y,0,16,0,0,0,0,NA,NA,NA,0,4,2009,WD,Normal
182,90,RL,87,9246,Pave,NA,IR1,Lvl,AllPub,Inside,Gtl,NWAmes,Feedr,Norm,Duplex,1Story,5,5,1973,1973,Gable,CompShg,Plywood,Plywood,BrkFace,564,TA,TA,CBlock,TA,TA,No,Unf,0,Unf,0,1656,1656,GasA,TA,Y,SBrkr,1656,0,0,1656,0,0,2,0,4,2,TA,8,Typ,0,NA,Detchd,1973,Unf,2,506,TA,TA,Y,0,211,0,0,0,0,NA,NA,NA,0,11,2008,WD,Normal
183,30,RM,153,4118,Pave,Grvl,IR1,Bnk,AllPub,Corner,Mod,OldTown,Feedr,Norm,1Fam,1Story,4,4,1941,1950,Gable,CompShg,Wd Sdng,Wd Sdng,None,0,TA,TA,CBlock,TA,TA,No,Unf,0,Unf,0,693,693,Grav,Fa,N,FuseA,693,0,0,693,0,0,1,0,2,1,Fa,4,Typ,0,NA,NA,NA,NA,0,0,NA,NA,N,0,20,0,0,0,0,NA,NA,NA,0,3,2006,WD,Normal
184,60,RL,95,13450,Pave,NA,IR1,Lvl,AllPub,Corner,Gtl,CollgCr,Norm,Norm,1Fam,2Story,7,5,2002,2002,Gable,CompShg,VinylSd,VinylSd,None,0,Gd,TA,PConc,Gd,TA,No,GLQ,700,Unf,0,216,916,GasA,Ex,Y,SBrkr,920,941,0,1861,1,0,2,1,3,1,Gd,8,Typ,0,NA,BuiltIn,2002,RFn,2,492,TA,TA,Y,146,91,0,0,0,0,NA,NA,NA,0,6,2006,WD,Normal
185,20,RL,120,9560,Pave,NA,IR1,Lvl,AllPub,Corner,Gtl,CollgCr,Norm,Norm,1Fam,1Story,5,7,1972,1972,Hip,CompShg,MetalSd,MetalSd,None,0,TA,Gd,CBlock,TA,TA,Mn,Rec,360,Unf,0,504,864,GasA,Ex,Y,SBrkr,864,0,0,864,0,0,1,0,3,1,TA,5,Typ,0,NA,Attchd,1972,RFn,1,288,TA,TA,Y,0,0,0,0,0,0,NA,NA,NA,0,6,2006,WD,Normal
186,20,RL,70,8294,Pave,NA,Reg,Lvl,AllPub,Inside,Gtl,NAmes,Norm,Norm,1Fam,1Story,4,5,1971,1971,Gable,CompShg,MetalSd,MetalSd,None,0,TA,TA,CBlock,TA,TA,No,Unf,0,Unf,0,858,858,GasA,TA,Y,SBrkr,872,0,0,872,0,0,1,0,3,1,TA,5,Typ,0,NA,Detchd,1974,Unf,4,480,TA,TA,Y,0,0,0,0,0,0,NA,GdWo,NA,0,6,2007,WD,Normal
187,20,RL,66,13695,Pave,NA,Reg,Lvl,AllPub,Inside,Gtl,SawyerW,RRAe,Norm,1Fam,1Story,6,5,2003,2004,Gable,CompShg,VinylSd,VinylSd,None,0,TA,TA,PConc,Gd,TA,No,GLQ,814,Unf,0,300,1114,GasA,Ex,Y,SBrkr,1114,0,0,1114,1,0,1,0,3,1,Gd,6,Typ,0,NA,Detchd,2004,Unf,2,576,TA,TA,Y,0,78,0,0,0,0,NA,NA,NA,0,7,2008,WD,Normal
188,60,RL,NA,9375,Pave,NA,Reg,Lvl,AllPub,Inside,Gtl,CollgCr,Norm,Norm,1Fam,2Story,8,5,2002,2002,Gable,CompShg,VinylSd,VinylSd,BrkFace,149,Gd,TA,PConc,Gd,TA,No,Unf,0,Unf,0,1284,1284,GasA,Ex,Y,SBrkr,1284,885,0,2169,0,0,2,1,3,1,Gd,7,Typ,1,Gd,Attchd,2002,RFn,2,647,TA,TA,Y,192,87,0,0,0,0,NA,NA,NA,0,8,2007,WD,Normal
189,50,RL,57,7558,Pave,NA,Reg,Bnk,AllPub,Inside,Gtl,Crawfor,Norm,Norm,1Fam,1.5Fin,6,6,1928,1950,Gable,CompShg,BrkFace,Stone,None,0,TA,TA,BrkTil,TA,TA,No,Unf,0,Unf,0,896,896,GasA,Gd,Y,SBrkr,1172,741,0,1913,0,0,1,1,3,1,TA,9,Typ,1,TA,Detchd,1929,Unf,2,342,Fa,Fa,Y,0,0,0,0,0,0,NA,NA,NA,0,3,2009,WD,Normal
190,60,RL,85,11103,Pave,NA,IR1,Lvl,AllPub,Corner,Gtl,CollgCr,Norm,Norm,1Fam,2Story,7,5,2006,2006,Gable,CompShg,VinylSd,VinylSd,None,0,Gd,TA,PConc,Gd,TA,No,Unf,0,Unf,0,728,728,GasA,Ex,Y,SBrkr,728,728,0,1456,0,0,2,1,3,1,Gd,8,Typ,1,TA,Attchd,2006,Fin,2,440,TA,TA,Y,0,0,0,0,0,0,NA,NA,NA,0,7,2007,New,Partial
191,30,RM,50,6000,Pave,NA,Reg,Lvl,AllPub,Inside,Gtl,OldTown,Norm,Norm,1Fam,1Story,4,4,1920,1950,Hip,CompShg,MetalSd,MetalSd,None,0,TA,TA,PConc,TA,TA,No,ALQ,250,Unf,0,710,960,GasA,Gd,Y,FuseA,960,0,0,960,0,0,1,0,2,1,Fa,5,Typ,0,NA,Detchd,1997,Unf,1,308,TA,TA,Y,0,0,168,0,0,0,NA,NA,NA,0,7,2007,WD,Normal
192,20,RL,NA,20781,Pave,NA,IR2,Lvl,AllPub,CulDSac,Gtl,NWAmes,PosN,Norm,1Fam,1Story,7,7,1968,2003,Hip,CompShg,BrkFace,HdBoard,None,0,TA,TA,CBlock,TA,TA,No,BLQ,297,Rec,68,1203,1568,GasA,TA,Y,SBrkr,2156,0,0,2156,0,0,2,0,3,1,TA,9,Typ,1,Gd,Attchd,1968,RFn,2,508,Gd,TA,Y,0,80,0,290,0,0,NA,NA,NA,0,6,2006,WD,Normal
193,20,RL,93,15306,Pave,NA,IR1,HLS,AllPub,Corner,Gtl,Timber,Norm,Norm,1Fam,1Story,8,5,2006,2007,Gable,CompShg,VinylSd,VinylSd,Stone,100,Gd,TA,PConc,Ex,TA,Gd,GLQ,80,Unf,0,1652,1732,GasA,Ex,Y,SBrkr,1776,0,0,1776,1,0,2,0,3,1,Gd,7,Typ,1,Gd,Attchd,2006,Fin,3,712,TA,TA,Y,0,0,0,0,0,0,NA,NA,NA,0,5,2007,New,Partial
194,20,RL,NA,16196,Pave,NA,IR3,Low,AllPub,Inside,Gtl,SawyerW,Norm,Norm,1Fam,1Story,7,5,1998,1998,Gable,CompShg,VinylSd,VinylSd,None,0,Gd,TA,PConc,Gd,TA,Gd,GLQ,1443,Unf,0,39,1482,GasA,Ex,Y,SBrkr,1494,0,0,1494,1,0,2,0,3,1,Gd,5,Typ,1,Fa,Attchd,1998,RFn,2,514,TA,TA,Y,402,25,0,0,0,0,NA,NA,NA,0,8,2007,WD,Normal
195,90,RL,91,11643,Pave,NA,Reg,Lvl,AllPub,Inside,Gtl,NAmes,Artery,Norm,Duplex,2Story,5,5,1969,1969,Gable,CompShg,MetalSd,MetalSd,BrkFace,368,TA,TA,CBlock,TA,TA,No,LwQ,500,Unf,0,748,1248,GasA,TA,Y,SBrkr,1338,1296,0,2634,1,1,2,2,6,2,TA,12,Typ,0,NA,Detchd,1969,Unf,4,968,TA,TA,Y,0,0,0,0,0,0,NA,NA,NA,0,8,2009,WD,Normal
196,60,RL,70,9247,Pave,NA,IR1,Lvl,AllPub,Inside,Gtl,NAmes,Norm,Norm,1Fam,2Story,6,6,1962,1962,Gable,CompShg,HdBoard,HdBoard,BrkFace,318,TA,TA,CBlock,TA,TA,No,Rec,319,Unf,0,539,858,GasA,Ex,Y,SBrkr,858,858,0,1716,0,0,1,1,4,1,TA,8,Typ,1,Gd,Attchd,1962,Fin,2,490,TA,TA,Y,0,84,0,0,120,0,NA,NA,NA,0,3,2008,WD,Normal
197,50,RM,50,6000,Pave,NA,Reg,Lvl,AllPub,Inside,Gtl,BrkSide,Norm,Norm,1Fam,1.5Fin,6,9,1937,2000,Gable,CompShg,MetalSd,MetalSd,None,0,Gd,TA,BrkTil,TA,TA,No,Unf,0,Unf,0,698,698,GasA,TA,Y,SBrkr,786,390,0,1176,0,0,1,0,2,1,TA,4,Typ,0,NA,Detchd,1999,Unf,2,624,TA,TA,N,210,0,0,0,0,0,NA,NA,NA,0,7,2009,WD,Normal
198,50,RL,56,14720,Pave,NA,IR1,Lvl,AllPub,CulDSac,Gtl,NoRidge,Norm,Norm,1Fam,1.5Fin,8,5,1995,1996,Hip,CompShg,VinylSd,VinylSd,BrkFace,579,Gd,TA,PConc,Gd,TA,Av,GLQ,816,Unf,0,1217,2033,GasA,Ex,Y,SBrkr,2053,1185,0,3238,1,0,2,1,4,1,Gd,9,Typ,1,Ex,Attchd,1996,Fin,3,666,TA,TA,Y,283,86,0,0,0,0,NA,NA,NA,0,3,2010,WD,Normal
199,60,RL,NA,10316,Pave,NA,IR1,Lvl,AllPub,Inside,Gtl,CollgCr,Norm,Norm,1Fam,2Story,7,5,2000,2000,Gable,CompShg,VinylSd,VinylSd,None,0,Gd,TA,PConc,Gd,TA,No,GLQ,735,Unf,0,257,992,GasA,Ex,Y,SBrkr,992,873,0,1865,1,0,2,1,3,1,Gd,7,Typ,1,TA,Attchd,2000,RFn,3,839,TA,TA,Y,0,184,0,0,0,0,NA,NA,NA,0,6,2008,WD,Normal
200,80,RL,102,10192,Pave,NA,IR1,Lvl,AllPub,Inside,Gtl,NWAmes,Norm,Norm,1Fam,SLvl,7,6,1968,1992,Gable,CompShg,MetalSd,MetalSd,BrkFace,143,TA,TA,CBlock,TA,TA,No,Unf,0,Unf,0,570,570,GasA,Gd,Y,SBrkr,1222,698,0,1920,0,0,3,0,4,1,Gd,8,Typ,1,TA,Attchd,1968,RFn,2,487,TA,TA,Y,0,98,0,0,0,0,NA,GdPrv,NA,0,9,2006,WD,Normal
201,20,RL,NA,9477,Pave,NA,Reg,Lvl,AllPub,Corner,Gtl,NAmes,Norm,Norm,1Fam,1Story,5,5,1966,1966,Gable,CompShg,HdBoard,HdBoard,BrkFace,65,TA,TA,CBlock,TA,TA,No,Rec,340,Unf,0,524,864,GasA,TA,Y,SBrkr,892,0,0,892,0,0,1,0,3,1,TA,5,Typ,0,NA,Attchd,1966,RFn,1,264,TA,TA,Y,0,0,0,0,0,0,NA,GdWo,NA,0,10,2008,WD,Normal
202,20,RL,NA,12537,Pave,NA,IR1,Lvl,AllPub,CulDSac,Gtl,NAmes,Norm,Norm,1Fam,1Story,5,6,1971,2008,Gable,CompShg,VinylSd,VinylSd,None,0,TA,TA,CBlock,TA,TA,No,GLQ,734,Unf,0,344,1078,GasA,Ex,Y,SBrkr,1078,0,0,1078,1,0,1,1,3,1,TA,6,Typ,1,Fa,Attchd,1971,Fin,2,500,TA,TA,Y,0,0,0,0,0,0,NA,NA,NA,0,4,2010,WD,Normal
203,160,FV,NA,2117,Pave,NA,Reg,Lvl,AllPub,Inside,Gtl,Somerst,Norm,Norm,Twnhs,2Story,6,5,2000,2000,Gable,CompShg,MetalSd,MetalSd,BrkFace,216,Gd,TA,PConc,Gd,TA,No,GLQ,378,Unf,0,378,756,GasA,Ex,Y,SBrkr,769,804,0,1573,0,0,2,1,3,1,Gd,5,Typ,0,NA,Detchd,2000,Unf,2,440,TA,TA,Y,0,32,0,0,0,0,NA,NA,NA,0,6,2010,WD,Normal
204,20,RL,129,16737,Pave,NA,Reg,Lvl,AllPub,FR3,Gtl,NridgHt,Norm,Norm,1Fam,1Story,9,5,2004,2005,Hip,CompShg,VinylSd,VinylSd,BrkFace,66,Gd,TA,PConc,Ex,TA,Av,GLQ,1447,Unf,0,533,1980,GasA,Ex,Y,SBrkr,1980,0,0,1980,1,0,2,0,3,1,Ex,8,Typ,1,Gd,Attchd,2004,Fin,3,770,TA,TA,Y,194,45,0,0,0,0,NA,NA,NA,0,9,2006,WD,Normal
205,70,RL,51,9842,Pave,NA,Reg,Lvl,AllPub,Inside,Gtl,SWISU,Feedr,Norm,1Fam,2Story,5,6,1921,1998,Gable,CompShg,MetalSd,Wd Sdng,None,0,TA,TA,BrkTil,TA,Fa,No,Unf,0,Unf,0,612,612,GasA,Ex,Y,SBrkr,990,1611,0,2601,0,0,3,1,4,1,TA,8,Typ,0,NA,BuiltIn,1998,RFn,2,621,TA,TA,Y,183,0,301,0,0,0,NA,NA,NA,0,5,2008,WD,Normal
206,20,RL,124,16158,Pave,NA,IR1,Low,AllPub,Inside,Mod,StoneBr,Norm,Norm,1Fam,1Story,7,5,2005,2005,Hip,CompShg,VinylSd,VinylSd,Stone,16,Gd,TA,PConc,Ex,TA,Av,ALQ,1274,Unf,0,256,1530,GasA,Ex,Y,SBrkr,1530,0,0,1530,1,0,2,0,3,1,Gd,7,Typ,1,Gd,Attchd,2005,Fin,2,430,TA,TA,Y,168,36,0,0,0,0,NA,NA,NA,0,6,2009,WD,Normal
207,50,RL,NA,12513,Pave,NA,IR1,Lvl,AllPub,FR2,Gtl,NAmes,Feedr,Norm,1Fam,1.5Fin,4,4,1920,2007,Gable,CompShg,VinylSd,VinylSd,None,0,TA,Gd,BrkTil,TA,Fa,No,Unf,0,Unf,0,715,715,GasA,Gd,Y,SBrkr,1281,457,0,1738,0,0,2,0,4,1,TA,7,Typ,1,Gd,Attchd,1920,Unf,1,368,TA,TA,Y,55,0,0,0,0,0,NA,NA,NA,0,6,2009,WD,Normal
208,60,RL,73,8499,Pave,NA,IR1,Lvl,AllPub,Inside,Gtl,Gilbert,Norm,Norm,1Fam,2Story,6,5,2006,2007,Gable,CompShg,VinylSd,VinylSd,None,0,TA,TA,PConc,Gd,TA,No,Unf,0,Unf,0,616,616,GasA,Ex,Y,SBrkr,616,796,0,1412,0,0,2,1,3,1,Gd,6,Typ,1,Gd,BuiltIn,2007,Fin,2,432,TA,TA,Y,0,36,0,0,0,0,NA,NA,NA,0,3,2007,New,Partial
209,160,FV,30,3180,Pave,Pave,Reg,Lvl,AllPub,Inside,Gtl,Somerst,Norm,Norm,TwnhsE,2Story,7,5,2005,2005,Gable,CompShg,MetalSd,MetalSd,None,0,Gd,TA,PConc,Gd,TA,No,Unf,0,Unf,0,600,600,GasA,Ex,Y,SBrkr,520,600,80,1200,0,0,2,1,2,1,Gd,4,Typ,0,NA,Detchd,2005,RFn,2,480,TA,TA,Y,0,166,0,0,0,0,NA,NA,NA,0,4,2006,WD,Abnorml
210,60,FV,NA,7500,Pave,NA,Reg,Lvl,AllPub,Inside,Gtl,Somerst,Norm,Norm,1Fam,2Story,7,5,2000,2000,Gable,CompShg,VinylSd,VinylSd,None,0,Gd,TA,PConc,Gd,TA,No,GLQ,533,Unf,0,281,814,GasA,Ex,Y,SBrkr,814,860,0,1674,1,0,2,1,3,1,Gd,7,Typ,0,NA,Attchd,2000,RFn,2,663,TA,TA,Y,0,96,0,0,0,0,NA,NA,NA,0,1,2010,WD,Normal
211,60,RL,68,9179,Pave,NA,IR1,Lvl,AllPub,Inside,Gtl,CollgCr,Norm,Norm,1Fam,2Story,7,5,1999,1999,Gable,CompShg,VinylSd,VinylSd,BrkFace,158,Gd,TA,PConc,Gd,TA,No,GLQ,633,Unf,0,240,873,GasA,Ex,Y,SBrkr,882,908,0,1790,1,0,2,1,3,1,Gd,7,Typ,0,NA,Attchd,1999,RFn,2,588,TA,TA,Y,0,88,0,0,0,0,NA,NA,NA,0,6,2008,WD,Abnorml
212,160,RM,41,2665,Pave,NA,Reg,Lvl,AllPub,Inside,Gtl,MeadowV,Norm,Norm,TwnhsE,2Story,5,6,1977,1977,Gable,CompShg,CemntBd,CmentBd,None,0,TA,TA,PConc,TA,TA,No,ALQ,548,Rec,173,36,757,GasA,Ex,Y,SBrkr,925,550,0,1475,0,0,2,0,4,1,TA,6,Typ,1,TA,Attchd,1977,RFn,1,336,TA,TA,Y,104,26,0,0,0,0,NA,NA,NA,0,7,2006,WD,Normal
213,120,RM,NA,4435,Pave,NA,Reg,Lvl,AllPub,Inside,Gtl,CollgCr,Norm,Norm,TwnhsE,1Story,6,5,2003,2004,Gable,CompShg,VinylSd,VinylSd,BrkFace,170,Gd,TA,PConc,Gd,TA,Av,GLQ,685,Unf,0,163,848,GasA,Ex,Y,SBrkr,848,0,0,848,1,0,1,0,1,1,Gd,4,Typ,0,NA,Attchd,2003,Fin,2,420,TA,TA,Y,140,0,0,0,0,0,NA,NA,NA,0,6,2009,WD,Normal
214,20,RL,48,10635,Pave,NA,IR2,Lvl,AllPub,FR2,Gtl,CollgCr,Norm,Norm,1Fam,1Story,8,5,2003,2003,Hip,CompShg,VinylSd,VinylSd,BrkFace,171,Gd,TA,PConc,Gd,TA,Av,BLQ,370,GLQ,972,315,1657,GasA,Ex,Y,SBrkr,1668,0,0,1668,1,0,2,0,3,1,Gd,8,Typ,1,TA,Attchd,2003,Fin,2,502,TA,TA,Y,0,262,0,0,0,0,NA,NA,NA,0,5,2010,WD,Normal
215,80,RL,80,9600,Pave,NA,Reg,Lvl,AllPub,Inside,Gtl,NAmes,Norm,Norm,1Fam,SLvl,6,6,1955,1996,Hip,CompShg,AsbShng,AsbShng,None,0,TA,TA,CBlock,TA,TA,Av,BLQ,831,Unf,0,161,992,GasA,Gd,Y,SBrkr,1661,0,0,1661,1,0,1,0,3,1,Gd,8,Typ,1,TA,BuiltIn,1955,RFn,1,377,TA,TA,Y,0,28,0,0,178,0,NA,MnPrv,NA,0,10,2008,WD,Normal
216,60,RL,75,9750,Pave,NA,Reg,Lvl,AllPub,Corner,Gtl,CollgCr,Norm,Norm,1Fam,2Story,7,6,1998,1998,Gable,CompShg,VinylSd,VinylSd,None,0,TA,TA,PConc,Gd,TA,Av,GLQ,975,Unf,0,133,1108,GasA,Ex,Y,SBrkr,1108,989,0,2097,1,0,2,1,3,1,Gd,8,Typ,1,TA,Detchd,1998,RFn,2,583,TA,TA,Y,253,170,0,0,0,0,NA,NA,NA,0,6,2006,WD,Normal
217,20,RL,NA,11400,Pave,NA,Reg,Lvl,AllPub,Inside,Gtl,NoRidge,Norm,Norm,1Fam,1Story,10,5,2001,2002,Hip,CompShg,VinylSd,VinylSd,BrkFace,705,Ex,TA,PConc,Ex,TA,Gd,GLQ,1282,Unf,0,1351,2633,GasA,Ex,Y,SBrkr,2633,0,0,2633,1,0,2,1,2,1,Ex,8,Typ,2,Gd,Attchd,2001,RFn,3,804,TA,TA,Y,314,140,0,0,0,0,NA,NA,NA,0,3,2007,WD,Normal
218,60,FV,85,10625,Pave,NA,Reg,Lvl,AllPub,Inside,Gtl,Somerst,Norm,Norm,1Fam,2Story,7,5,2005,2005,Gable,CompShg,CemntBd,CmentBd,None,0,Gd,TA,PConc,Gd,TA,No,Unf,0,Unf,0,1026,1026,GasA,Ex,Y,SBrkr,1026,932,0,1958,0,0,2,1,3,1,Gd,9,Typ,1,Gd,Attchd,2005,Fin,3,936,TA,TA,Y,154,210,0,0,0,0,NA,NA,NA,0,7,2008,WD,Normal
219,20,RL,89,10991,Pave,NA,IR1,HLS,AllPub,Inside,Gtl,Timber,Norm,Norm,1Fam,1Story,8,5,2007,2007,Gable,CompShg,VinylSd,VinylSd,BrkFace,80,Gd,TA,PConc,Gd,TA,Gd,Unf,0,Unf,0,1571,1571,GasA,Ex,Y,SBrkr,1571,0,0,1571,0,0,2,0,3,1,Gd,7,Typ,1,Gd,Attchd,2007,Fin,3,722,TA,TA,Y,100,36,0,0,0,0,NA,NA,NA,0,12,2007,New,Partial
220,30,RL,52,6292,Pave,NA,Reg,Bnk,AllPub,Inside,Gtl,SWISU,Norm,Norm,1Fam,1Story,6,5,1930,1950,Gable,CompShg,Wd Sdng,Wd Sdng,None,0,TA,TA,BrkTil,Gd,TA,Mn,Rec,384,Unf,0,384,768,GasA,TA,N,SBrkr,790,0,0,790,0,0,1,0,2,1,TA,4,Typ,0,NA,Detchd,1925,Unf,1,160,Fa,TA,Y,0,141,0,0,0,0,NA,NA,NA,0,4,2008,WD,Normal
221,50,RL,60,10998,Pave,Grvl,Reg,Lvl,AllPub,Inside,Gtl,Edwards,Norm,Norm,1Fam,1.5Fin,5,5,1941,1960,Gable,CompShg,Wd Sdng,Wd Sdng,None,0,TA,TA,CBlock,TA,TA,No,LwQ,408,BLQ,420,156,984,GasA,Ex,Y,SBrkr,984,620,0,1604,0,0,2,0,3,1,TA,6,Min2,0,NA,Detchd,1977,Unf,2,660,TA,TA,Y,0,68,0,0,0,0,NA,NA,NA,0,7,2009,WD,Normal
222,160,RM,21,1953,Pave,NA,Reg,Lvl,AllPub,Inside,Gtl,BrDale,Norm,Norm,Twnhs,2Story,6,5,1973,1973,Gable,CompShg,HdBoard,HdBoard,BrkFace,408,TA,TA,CBlock,TA,Fa,No,BLQ,309,Unf,0,174,483,GasA,TA,Y,SBrkr,483,504,0,987,0,0,1,1,2,1,TA,5,Typ,0,NA,Detchd,1973,Unf,1,264,TA,TA,Y,72,0,0,0,0,0,NA,NA,NA,0,6,2006,WD,Normal
223,30,RL,45,8212,Pave,Grvl,Reg,Lvl,AllPub,Inside,Gtl,Edwards,Norm,Norm,1Fam,1Story,3,3,1914,1950,Gable,CompShg,Stucco,Stucco,None,0,TA,Fa,BrkTil,TA,Fa,No,Rec,203,Unf,0,661,864,GasA,TA,N,FuseF,864,0,0,864,1,0,1,0,2,1,TA,5,Typ,0,NA,Detchd,1938,Unf,1,200,TA,Fa,Y,0,0,96,0,0,0,NA,NA,NA,0,6,2010,WD,Normal
224,20,RL,NA,12925,Pave,NA,IR1,Lvl,AllPub,Corner,Gtl,NAmes,Norm,Norm,1Fam,1Story,6,7,1970,1970,Gable,CompShg,BrkFace,Plywood,None,0,TA,TA,CBlock,TA,TA,Mn,BLQ,865,Unf,0,340,1205,GasA,Ex,Y,SBrkr,2117,0,0,2117,0,0,2,1,4,1,TA,7,Typ,2,Gd,Attchd,1970,Fin,2,550,TA,TA,Y,0,42,0,0,0,0,NA,NA,NA,0,5,2008,WD,Normal
225,70,RM,60,7200,Pave,NA,Reg,Lvl,AllPub,Corner,Gtl,OldTown,Norm,Norm,1Fam,2Story,7,7,1920,1950,Hip,CompShg,Wd Sdng,Wd Sdng,None,0,TA,TA,BrkTil,Fa,TA,No,Unf,0,Unf,0,596,596,GasA,Ex,Y,SBrkr,998,764,0,1762,1,0,1,1,4,1,Gd,8,Typ,0,NA,Detchd,1989,Unf,2,576,TA,TA,N,36,0,221,0,0,0,NA,NA,NA,0,10,2006,WD,Normal
226,30,RL,NA,25339,Pave,NA,Reg,Lvl,AllPub,Inside,Gtl,Sawyer,Norm,Norm,1Fam,1Story,5,7,1918,2007,Gable,CompShg,Wd Sdng,Wd Sdng,None,0,TA,Gd,BrkTil,TA,TA,No,Unf,0,Unf,0,816,816,GasA,Ex,Y,SBrkr,1416,0,0,1416,0,0,2,0,3,1,Gd,7,Typ,0,NA,Attchd,2007,Unf,2,576,TA,TA,N,0,0,112,0,0,0,NA,NA,NA,0,8,2007,WD,Normal
227,50,RL,60,9060,Pave,NA,Reg,Lvl,AllPub,Inside,Gtl,Edwards,Norm,Norm,1Fam,1.5Fin,6,5,1939,1950,Gable,CompShg,WdShing,Wd Shng,None,0,TA,TA,BrkTil,TA,TA,Mn,Rec,204,Unf,0,356,560,GasA,TA,Y,SBrkr,698,560,0,1258,0,0,1,0,2,1,TA,6,Typ,0,NA,Detchd,1939,Unf,1,280,TA,TA,P,0,0,0,0,0,0,NA,MnPrv,NA,0,10,2009,WD,Normal
228,50,RM,40,5436,Pave,NA,Reg,Lvl,AllPub,Inside,Gtl,IDOTRR,Norm,Norm,1Fam,1.5Fin,4,8,1922,2007,Gable,CompShg,VinylSd,VinylSd,None,0,TA,Gd,BrkTil,TA,TA,No,BLQ,735,Unf,0,61,796,GasA,Gd,Y,SBrkr,796,358,0,1154,1,0,1,0,3,1,Gd,7,Typ,0,NA,Detchd,1922,Unf,1,240,TA,TA,N,0,96,0,0,0,0,NA,MnPrv,NA,0,5,2010,WD,Normal
229,50,RM,60,8520,Pave,Grvl,Reg,Lvl,AllPub,Inside,Gtl,OldTown,Artery,Norm,1Fam,1.5Fin,6,7,1916,1950,Gable,CompShg,Stucco,Stucco,None,0,TA,Gd,BrkTil,TA,TA,No,Rec,168,LwQ,546,0,714,GasW,TA,N,SBrkr,1664,862,0,2526,0,0,2,0,5,1,Gd,10,Typ,1,Gd,Detchd,1916,Unf,1,216,TA,TA,Y,88,15,0,0,0,0,NA,GdWo,NA,0,8,2007,CWD,Family
230,20,RL,42,14892,Pave,NA,IR1,HLS,AllPub,CulDSac,Gtl,Gilbert,Norm,Norm,1Fam,1Story,9,5,2006,2007,Gable,CompShg,VinylSd,VinylSd,Stone,160,Ex,TA,PConc,Ex,TA,Gd,GLQ,1320,Unf,0,426,1746,GasA,Ex,Y,SBrkr,1746,0,0,1746,1,0,2,0,3,1,Ex,7,Typ,2,Gd,Attchd,2006,Fin,3,758,TA,TA,Y,201,39,0,0,0,0,NA,NA,NA,0,10,2009,WD,Normal
231,50,RM,60,6000,Pave,NA,Reg,Lvl,AllPub,Inside,Gtl,BrkSide,Norm,Norm,1Fam,1.5Fin,6,6,1941,1950,Gable,CompShg,Wd Sdng,Wd Sdng,None,0,TA,Gd,BrkTil,TA,Gd,No,ALQ,375,Unf,0,360,735,GasA,Ex,Y,SBrkr,869,349,0,1218,0,1,1,0,3,1,TA,6,Typ,1,Gd,Detchd,2003,Unf,2,440,TA,TA,Y,0,0,0,0,0,0,NA,NA,NA,0,3,2007,WD,Normal
232,20,RL,70,9100,Pave,NA,Reg,Lvl,AllPub,Inside,Gtl,CollgCr,Norm,Norm,1Fam,1Story,7,5,2000,2000,Gable,CompShg,VinylSd,VinylSd,BrkFace,244,Gd,TA,PConc,Gd,TA,Av,GLQ,1400,Unf,0,125,1525,GasA,Ex,Y,SBrkr,1525,0,0,1525,1,0,2,0,3,1,Gd,6,Typ,0,NA,Attchd,2000,RFn,2,541,TA,TA,Y,219,36,0,0,0,0,NA,NA,NA,0,9,2006,WD,Normal
233,90,RL,65,8944,Pave,NA,Reg,Lvl,AllPub,Inside,Gtl,NAmes,Norm,Norm,Duplex,1Story,5,5,1967,1967,Gable,CompShg,Plywood,Plywood,None,0,TA,TA,CBlock,TA,TA,No,Unf,0,Unf,0,1584,1584,GasA,TA,Y,SBrkr,1584,0,0,1584,0,0,2,0,4,2,TA,8,Mod,0,NA,Detchd,1967,Unf,3,792,TA,TA,Y,0,152,0,0,0,0,NA,NA,NA,0,4,2009,WD,Normal
234,85,RL,68,7838,Pave,NA,Reg,Lvl,AllPub,Inside,Gtl,NAmes,Norm,Norm,1Fam,SFoyer,5,5,1967,1967,Gable,CompShg,HdBoard,HdBoard,None,0,TA,TA,CBlock,TA,TA,Av,ALQ,769,Unf,0,95,864,GasA,TA,Y,SBrkr,900,0,0,900,1,0,1,0,3,1,TA,6,Typ,1,Po,Attchd,1967,RFn,1,288,TA,TA,Y,175,144,0,0,0,0,NA,MnWw,NA,0,12,2006,WD,Normal
235,190,RM,60,10800,Pave,Pave,Reg,Lvl,AllPub,Inside,Gtl,OldTown,Norm,Norm,2fmCon,1.5Fin,6,7,1905,2000,Gable,CompShg,Wd Sdng,Wd Sdng,None,0,TA,TA,BrkTil,Fa,TA,No,Unf,0,Unf,0,482,482,GasA,Ex,N,SBrkr,1221,691,0,1912,0,0,2,0,3,2,TA,7,Typ,1,TA,Detchd,2003,Unf,2,672,Gd,TA,Y,0,25,212,0,0,0,NA,NA,NA,0,4,2008,WD,Normal
236,120,RL,53,4045,Pave,NA,Reg,Lvl,AllPub,Inside,Gtl,Blmngtn,Norm,Norm,TwnhsE,1Story,7,5,2006,2006,Hip,CompShg,VinylSd,VinylSd,BrkFace,45,Gd,TA,PConc,Gd,TA,Av,GLQ,1070,Unf,0,286,1356,GasA,Ex,Y,SBrkr,1500,0,0,1500,1,0,2,0,2,1,Gd,6,Typ,1,Gd,Attchd,2006,Fin,3,648,TA,TA,Y,161,20,0,0,0,0,NA,NA,NA,0,10,2006,New,Partial
237,60,RL,88,12665,Pave,NA,IR1,Lvl,AllPub,Inside,Gtl,Timber,Norm,Norm,1Fam,2Story,8,5,2005,2006,Hip,CompShg,VinylSd,VinylSd,BrkFace,245,Gd,TA,PConc,Gd,Gd,Gd,Unf,0,Unf,0,1094,1094,GasA,Ex,Y,SBrkr,1133,1349,0,2482,0,0,2,1,4,1,Gd,9,Typ,1,Gd,BuiltIn,2005,Fin,3,642,TA,TA,Y,144,39,0,0,0,0,NA,NA,NA,0,2,2007,WD,Normal
238,20,RL,NA,57200,Pave,NA,IR1,Bnk,AllPub,Inside,Sev,Timber,Norm,Norm,1Fam,1Story,5,5,1948,1950,Gable,CompShg,Wd Sdng,Wd Sdng,None,0,TA,TA,CBlock,TA,TA,Av,BLQ,353,Rec,334,60,747,GasA,TA,Y,SBrkr,1687,0,0,1687,1,0,1,0,3,1,TA,7,Min1,2,TA,Detchd,1966,Unf,2,572,TA,TA,N,0,0,50,0,0,0,NA,NA,NA,0,6,2010,WD,Normal
239,70,RM,51,6120,Pave,NA,Reg,Lvl,AllPub,Inside,Gtl,BrkSide,Norm,Norm,1Fam,2Story,5,8,1920,2004,Gable,CompShg,MetalSd,MetalSd,None,0,TA,TA,BrkTil,TA,TA,Mn,Unf,0,Unf,0,939,939,GasA,Ex,Y,SBrkr,939,574,0,1513,0,0,1,1,4,1,TA,8,Typ,0,NA,Detchd,1933,Unf,1,180,Fa,Fa,N,24,0,150,0,0,0,NA,NA,NA,0,5,2007,WD,Normal
240,50,RL,60,7200,Pave,NA,Reg,Lvl,AllPub,Inside,Gtl,NAmes,Norm,Norm,1Fam,1.5Fin,5,4,1950,1982,Gable,CompShg,VinylSd,Wd Sdng,None,0,TA,TA,CBlock,TA,TA,No,Rec,180,BLQ,352,676,1208,GasA,Gd,Y,FuseA,1136,768,0,1904,1,0,1,1,3,1,TA,7,Min1,0,NA,Attchd,1950,Unf,1,240,TA,TA,Y,0,0,168,0,0,0,NA,GdPrv,NA,0,5,2009,WD,Normal
241,50,RL,51,6171,Pave,NA,Reg,Lvl,AllPub,Inside,Gtl,SWISU,Norm,Norm,1Fam,1.5Fin,6,6,1925,1990,Gable,CompShg,WdShing,Wd Shng,None,0,TA,TA,BrkTil,TA,TA,No,BLQ,264,Unf,0,712,976,GasA,Ex,Y,SBrkr,1160,448,0,1608,0,0,2,1,3,1,Gd,7,Typ,1,Gd,Detchd,1925,Unf,1,216,Fa,TA,Y,147,16,0,0,0,0,NA,MnPrv,NA,0,10,2009,WD,Normal
242,50,RM,50,6000,Pave,NA,Reg,Lvl,AllPub,Corner,Gtl,BrkSide,Norm,Norm,1Fam,1.5Fin,6,7,1929,1950,Gable,CompShg,WdShing,Wd Shng,None,0,TA,TA,BrkTil,TA,TA,No,Unf,0,Unf,0,862,862,GasA,TA,Y,SBrkr,950,208,0,1158,0,0,1,0,3,1,TA,5,Typ,1,Gd,BuiltIn,1929,RFn,1,208,TA,TA,Y,0,0,112,0,0,0,NA,NA,NA,0,7,2008,WD,Normal
243,60,RL,62,7415,Pave,NA,IR1,Lvl,AllPub,Inside,Gtl,Gilbert,Norm,Norm,1Fam,2Story,6,5,2004,2004,Gable,CompShg,VinylSd,VinylSd,None,0,TA,TA,PConc,TA,TA,No,GLQ,759,Unf,0,80,839,GasA,Ex,Y,SBrkr,864,729,0,1593,1,0,2,1,3,1,TA,8,Typ,1,TA,Attchd,2004,Fin,2,398,TA,TA,Y,100,75,0,0,0,0,NA,NA,NA,0,4,2008,WD,Normal
244,20,RL,64,6762,Pave,NA,Reg,Lvl,AllPub,Inside,Gtl,CollgCr,Norm,Norm,1Fam,1Story,7,5,2006,2006,Gable,CompShg,VinylSd,VinylSd,None,0,Gd,TA,PConc,Gd,Gd,Av,Unf,0,Unf,0,1286,1286,GasA,Ex,Y,SBrkr,1294,0,0,1294,0,0,2,0,2,1,Gd,6,Typ,1,Gd,Attchd,2006,RFn,2,662,TA,TA,Y,168,55,0,0,0,0,NA,NA,NA,0,7,2006,New,Partial
245,20,RL,49,15256,Pave,NA,IR1,Lvl,AllPub,CulDSac,Gtl,Somerst,RRAn,Norm,1Fam,1Story,8,5,2007,2007,Gable,CompShg,VinylSd,VinylSd,Stone,84,Gd,TA,PConc,Gd,TA,Gd,GLQ,929,Unf,0,556,1485,GasA,Ex,Y,SBrkr,1464,0,0,1464,1,0,2,0,3,1,Gd,6,Typ,0,NA,Attchd,2007,Unf,3,754,TA,TA,Y,168,160,0,0,0,0,NA,NA,NA,0,8,2007,WD,Normal
246,50,RL,60,10410,Pave,Grvl,Reg,Lvl,AllPub,Corner,Gtl,OldTown,Artery,Norm,1Fam,1.5Fin,3,4,1915,1950,Gable,CompShg,Wd Sdng,Wd Sdng,None,0,TA,TA,PConc,TA,TA,No,Unf,0,Unf,0,672,672,GasA,TA,Y,SBrkr,694,520,0,1214,0,0,1,0,3,1,TA,6,Typ,0,NA,Detchd,1998,Unf,3,936,TA,TA,Y,216,0,160,0,0,0,NA,MnPrv,NA,0,1,2006,WD,Family
247,120,RM,44,3842,Pave,NA,IR1,HLS,AllPub,Inside,Mod,Crawfor,Norm,Norm,TwnhsE,1Story,8,5,2004,2005,Hip,CompShg,CemntBd,CmentBd,Stone,174,Gd,TA,PConc,Ex,TA,Gd,GLQ,1373,Unf,0,221,1594,GasA,Ex,Y,SBrkr,1646,0,0,1646,1,1,2,0,2,1,Gd,5,Typ,1,Gd,Attchd,2004,Fin,2,482,TA,TA,Y,128,53,0,0,155,0,NA,NA,NA,0,1,2008,WD,Normal
248,85,RL,70,8445,Pave,NA,Reg,Lvl,AllPub,Corner,Gtl,CollgCr,Norm,Norm,1Fam,SFoyer,5,7,1972,2007,Gable,CompShg,HdBoard,Wd Shng,None,0,TA,TA,CBlock,Gd,TA,Av,GLQ,656,Unf,0,112,768,GasA,TA,Y,SBrkr,768,0,0,768,1,0,1,0,2,1,TA,5,Typ,0,NA,Detchd,1988,Unf,2,396,TA,TA,Y,58,0,0,0,0,0,NA,MnPrv,NA,0,3,2009,WD,Normal
249,20,RL,NA,8780,Pave,NA,IR1,Lvl,AllPub,Corner,Gtl,Mitchel,Norm,Norm,1Fam,1Story,5,5,1985,1985,Gable,CompShg,HdBoard,Plywood,None,0,TA,TA,CBlock,TA,TA,No,ALQ,625,Unf,0,208,833,GasA,Ex,Y,SBrkr,833,0,0,833,1,0,1,0,3,1,TA,5,Typ,0,NA,NA,NA,NA,0,0,NA,NA,Y,0,0,0,0,0,0,NA,MnPrv,NA,0,3,2009,WD,Normal
250,70,RM,60,7740,Pave,NA,Reg,Lvl,AllPub,Inside,Gtl,OldTown,Norm,Norm,1Fam,2Story,4,7,1910,1950,Gable,CompShg,VinylSd,VinylSd,None,0,TA,TA,CBlock,Fa,TA,No,Unf,0,Unf,0,622,622,GasA,Gd,Y,SBrkr,741,622,0,1363,0,0,1,0,3,1,TA,6,Typ,0,NA,Detchd,1966,Unf,2,528,TA,TA,Y,0,0,0,0,168,0,NA,NA,NA,0,6,2010,WD,Normal
251,60,RL,46,20544,Pave,NA,IR1,Lvl,AllPub,CulDSac,Gtl,NWAmes,Norm,Norm,1Fam,2Story,7,6,1986,1991,Gable,CompShg,Plywood,Plywood,BrkFace,123,TA,Gd,CBlock,Gd,TA,No,Unf,0,Unf,0,791,791,GasA,Gd,Y,SBrkr,1236,857,0,2093,0,0,2,1,3,1,TA,7,Typ,1,TA,Attchd,1986,Fin,2,542,TA,TA,Y,364,63,0,0,0,0,NA,MnPrv,NA,0,11,2008,WD,Normal
252,60,RL,79,12420,Pave,NA,Reg,Lvl,AllPub,Inside,Gtl,CollgCr,Norm,Norm,1Fam,2Story,7,5,2001,2001,Gable,CompShg,VinylSd,VinylSd,None,0,Gd,TA,PConc,Gd,TA,No,GLQ,666,Unf,0,278,944,GasA,Ex,Y,SBrkr,944,896,0,1840,1,0,2,1,3,1,Gd,6,Typ,0,NA,Attchd,2001,RFn,2,622,TA,TA,Y,0,45,0,0,0,0,NA,NA,NA,0,6,2009,WD,Normal
253,50,RL,80,9600,Pave,NA,Reg,Lvl,AllPub,Inside,Gtl,NAmes,Norm,Norm,1Fam,1.5Fin,6,8,1950,2005,Gable,CompShg,VinylSd,VinylSd,None,0,TA,Gd,CBlock,TA,TA,No,BLQ,120,Unf,0,736,856,GasA,Ex,Y,SBrkr,1112,556,0,1668,0,0,1,1,3,1,TA,6,Min2,0,NA,Attchd,1950,Unf,1,271,TA,TA,Y,0,0,0,0,0,0,NA,MnPrv,NA,0,9,2009,WD,Normal
254,90,RL,60,7200,Pave,NA,Reg,Lvl,AllPub,Inside,Gtl,NAmes,Norm,Norm,Duplex,1Story,4,5,1949,1950,Gable,CompShg,BrkFace,Stone,None,0,TA,TA,Slab,NA,NA,NA,NA,0,NA,0,0,0,Wall,Fa,N,FuseF,1040,0,0,1040,0,0,2,0,2,2,TA,6,Typ,0,NA,Detchd,1956,Unf,2,420,TA,TA,Y,0,0,0,0,0,0,NA,NA,NA,0,6,2009,WD,Normal
255,20,RL,88,10994,Pave,NA,IR1,Lvl,AllPub,Corner,Gtl,SawyerW,Norm,Norm,1Fam,1Story,8,5,2005,2006,Gable,CompShg,VinylSd,VinylSd,Stone,366,Gd,TA,PConc,Gd,Gd,No,GLQ,976,Unf,0,868,1844,GasA,Ex,Y,SBrkr,1844,0,0,1844,1,0,2,0,2,1,Gd,7,Typ,1,Gd,Attchd,2005,Fin,2,620,TA,TA,Y,165,44,0,0,0,0,NA,NA,NA,0,9,2009,COD,Abnorml
256,50,RL,64,13053,Pave,Pave,Reg,Bnk,AllPub,Inside,Gtl,BrkSide,Norm,Norm,1Fam,1.5Fin,6,7,1923,2000,Gambrel,CompShg,Wd Sdng,Wd Sdng,None,0,TA,TA,BrkTil,TA,TA,No,Unf,0,Unf,0,833,833,GasA,Gd,Y,SBrkr,1053,795,0,1848,0,0,1,1,4,1,Gd,8,Typ,1,Gd,Detchd,1922,Unf,2,370,TA,TA,N,0,0,0,0,220,0,NA,NA,NA,0,6,2008,WD,Normal
257,120,RL,51,3635,Pave,NA,Reg,Lvl,AllPub,Inside,Gtl,Blmngtn,Norm,Norm,TwnhsE,1Story,7,5,2007,2007,Hip,CompShg,VinylSd,VinylSd,BrkFace,130,Gd,TA,PConc,Gd,TA,No,ALQ,988,Unf,0,398,1386,GasA,Ex,Y,SBrkr,1569,0,0,1569,0,1,2,0,1,1,Gd,7,Typ,1,TA,Attchd,2007,RFn,3,660,TA,TA,Y,143,20,0,0,0,0,NA,NA,NA,0,5,2009,WD,Normal
258,190,RM,60,11340,Pave,NA,Reg,Lvl,AllPub,Inside,Gtl,OldTown,Norm,Norm,2fmCon,2Story,4,6,1885,1950,Gable,CompShg,VinylSd,AsbShng,None,0,TA,TA,PConc,TA,TA,No,Unf,0,Unf,0,777,777,GasA,Gd,Y,SBrkr,1246,1044,0,2290,0,0,2,0,4,2,TA,11,Typ,0,NA,Detchd,1971,Unf,2,560,TA,TA,N,0,0,114,0,0,0,NA,NA,NA,0,4,2010,WD,Normal
259,60,RL,NA,16545,Pave,NA,IR1,Lvl,AllPub,Inside,Gtl,NoRidge,Norm,Norm,1Fam,2Story,8,5,1998,1998,Gable,CompShg,VinylSd,VinylSd,BrkFace,731,Gd,TA,PConc,Gd,TA,Mn,GLQ,781,Unf,0,503,1284,GasA,Ex,Y,SBrkr,1310,1140,0,2450,1,0,2,1,3,1,Gd,7,Typ,1,TA,Attchd,1998,Fin,3,1069,TA,TA,Y,0,126,0,0,0,0,NA,NA,NA,0,5,2009,WD,Normal
260,20,RL,71,9204,Pave,NA,Reg,Lvl,AllPub,Inside,Gtl,NAmes,Norm,Norm,1Fam,1Story,5,5,1963,1963,Gable,CompShg,HdBoard,HdBoard,None,0,TA,TA,CBlock,TA,TA,No,BLQ,25,Rec,872,247,1144,GasA,TA,Y,SBrkr,1144,0,0,1144,1,0,1,1,3,1,TA,6,Typ,0,NA,Detchd,1962,Unf,1,336,TA,TA,Y,0,88,0,0,0,0,NA,NA,NA,0,8,2008,COD,Normal
261,20,RL,NA,16381,Pave,NA,IR1,Lvl,AllPub,Inside,Gtl,Crawfor,Norm,Norm,1Fam,1Story,6,5,1969,1969,Gable,CompShg,Plywood,Plywood,BrkFace,312,Gd,Gd,CBlock,TA,TA,Av,Rec,1110,Unf,0,734,1844,GasA,Gd,Y,SBrkr,1844,0,0,1844,1,0,2,0,3,1,Gd,7,Typ,1,TA,Attchd,1969,RFn,2,540,TA,TA,Y,0,73,216,0,0,0,NA,NA,NA,0,12,2006,WD,Normal
262,60,RL,90,11700,Pave,NA,Reg,Lvl,AllPub,Corner,Gtl,NWAmes,Norm,Norm,1Fam,2Story,6,6,1968,1968,Gable,CompShg,HdBoard,HdBoard,BrkFace,420,TA,TA,CBlock,TA,TA,No,ALQ,404,Unf,0,304,708,GasA,Gd,Y,SBrkr,708,708,0,1416,0,0,2,1,3,1,TA,7,Typ,1,TA,Attchd,1968,RFn,2,776,TA,TA,Y,0,169,0,0,119,0,NA,NA,NA,0,5,2006,WD,Normal
263,120,RL,53,4043,Pave,NA,Reg,Lvl,AllPub,Inside,Gtl,NPkVill,Norm,Norm,TwnhsE,1Story,6,5,1977,1977,Gable,CompShg,Plywood,Plywood,None,0,TA,TA,CBlock,Gd,TA,No,ALQ,360,Unf,0,709,1069,GasA,TA,Y,SBrkr,1069,0,0,1069,0,0,2,0,2,1,TA,4,Typ,1,Fa,Attchd,1977,RFn,2,440,TA,TA,Y,0,55,0,0,165,0,NA,NA,NA,0,7,2010,WD,Normal
264,120,RM,37,4435,Pave,NA,Reg,Lvl,AllPub,Inside,Gtl,CollgCr,Norm,Norm,TwnhsE,1Story,6,5,2003,2003,Gable,CompShg,VinylSd,VinylSd,BrkFace,170,Gd,TA,PConc,Gd,TA,Av,GLQ,686,Unf,0,162,848,GasA,Ex,Y,SBrkr,848,0,0,848,1,0,1,0,1,1,Gd,3,Typ,0,NA,Attchd,2003,Fin,2,420,TA,TA,Y,140,0,0,0,0,0,NA,NA,NA,0,3,2008,WD,Normal
265,20,RL,NA,9503,Pave,NA,Reg,Lvl,AllPub,Inside,Gtl,NAmes,Norm,Norm,1Fam,1Story,5,5,1958,1983,Hip,CompShg,HdBoard,HdBoard,None,0,TA,TA,CBlock,TA,TA,No,ALQ,457,Rec,374,193,1024,GasA,TA,Y,SBrkr,1344,0,0,1344,1,0,1,0,2,1,TA,6,Min1,1,TA,Detchd,1970,Unf,1,484,TA,TA,Y,316,28,0,0,0,0,NA,GdWo,NA,0,6,2007,WD,Normal
266,20,RL,80,10721,Pave,NA,IR1,Lvl,AllPub,Inside,Gtl,NAmes,Norm,Norm,1Fam,1Story,6,6,1959,1959,Hip,CompShg,HdBoard,HdBoard,Stone,243,Gd,TA,CBlock,TA,TA,No,Unf,0,Unf,0,1252,1252,GasA,Ex,Y,SBrkr,1252,0,0,1252,0,0,1,0,3,1,Gd,7,Typ,0,NA,Detchd,1960,Unf,2,528,TA,TA,Y,0,39,0,0,0,0,NA,NA,NA,0,10,2008,WD,Normal
267,60,RL,81,10944,Pave,NA,IR1,Lvl,AllPub,Inside,Gtl,NoRidge,Norm,Norm,1Fam,2Story,7,5,1994,1994,Gable,CompShg,VinylSd,VinylSd,BrkFace,448,Gd,TA,PConc,Gd,TA,No,GLQ,1000,Unf,0,223,1223,GasA,Ex,Y,SBrkr,1223,904,0,2127,1,0,2,1,3,1,Gd,5,Typ,2,TA,Attchd,1994,RFn,2,525,TA,TA,Y,171,132,0,0,0,0,NA,NA,NA,0,8,2008,WD,Normal
268,50,RL,60,10930,Pave,Grvl,Reg,Bnk,AllPub,Inside,Gtl,NAmes,Artery,Norm,1Fam,1.5Fin,5,6,1945,1950,Gable,CompShg,MetalSd,MetalSd,None,0,TA,TA,CBlock,TA,TA,No,BLQ,580,Unf,0,333,913,GasA,TA,Y,FuseA,1048,510,0,1558,1,0,1,1,3,1,TA,6,Typ,1,TA,Attchd,1962,Unf,1,288,TA,TA,Y,0,0,0,0,0,0,NA,NA,NA,0,4,2008,WD,Normal
269,30,RM,60,7200,Pave,NA,Reg,Lvl,AllPub,Corner,Gtl,OldTown,Norm,Norm,1Fam,1Story,5,7,1940,1992,Gable,CompShg,MetalSd,MetalSd,Stone,294,TA,Gd,CBlock,TA,TA,No,BLQ,510,Unf,0,278,788,GasA,TA,Y,SBrkr,804,0,0,804,1,0,1,0,2,1,Gd,4,Typ,2,Gd,Attchd,1940,Unf,1,240,TA,TA,Y,0,0,154,0,0,0,NA,MnPrv,NA,0,2,2010,WD,Abnorml
270,20,RL,NA,12546,Pave,NA,IR1,Lvl,AllPub,Corner,Gtl,NWAmes,Norm,Norm,1Fam,1Story,6,7,1981,1981,Gable,CompShg,MetalSd,MetalSd,BrkFace,310,Gd,Gd,CBlock,Gd,TA,No,BLQ,678,Unf,0,762,1440,GasA,Ex,Y,SBrkr,1440,0,0,1440,0,0,2,0,3,1,Gd,7,Typ,1,TA,Attchd,1981,Fin,2,467,TA,TA,Y,0,0,99,0,0,0,NA,NA,NA,0,4,2007,WD,Normal
271,60,RL,60,21930,Pave,NA,IR3,Lvl,AllPub,Inside,Gtl,Gilbert,RRAn,Norm,1Fam,2Story,5,5,2005,2005,Gable,CompShg,VinylSd,VinylSd,None,0,Gd,TA,PConc,Gd,Gd,Av,Unf,0,Unf,0,732,732,GasA,Ex,Y,SBrkr,734,1104,0,1838,0,0,2,1,4,1,TA,7,Typ,1,Gd,BuiltIn,2005,Fin,2,372,TA,TA,Y,100,40,0,0,0,0,NA,NA,NA,0,7,2006,WD,Normal
272,120,RL,NA,4928,Pave,NA,IR1,Lvl,AllPub,Inside,Gtl,NPkVill,Norm,Norm,TwnhsE,1Story,6,6,1976,1976,Gable,CompShg,Plywood,Plywood,None,0,TA,TA,CBlock,Gd,TA,No,LwQ,958,Unf,0,0,958,GasA,TA,Y,SBrkr,958,0,0,958,0,0,2,0,2,1,TA,5,Typ,0,NA,Attchd,1976,RFn,2,440,TA,TA,Y,0,60,0,0,0,0,NA,NA,NA,0,10,2009,WD,Normal
273,30,RL,60,10800,Pave,Grvl,Reg,Lvl,AllPub,Inside,Gtl,OldTown,Norm,Norm,1Fam,1Story,4,6,1927,2007,Gable,CompShg,Wd Sdng,Wd Sdng,None,0,TA,TA,BrkTil,TA,TA,No,Unf,0,Unf,0,656,656,GasA,TA,Y,SBrkr,968,0,0,968,0,0,2,0,4,1,TA,5,Typ,0,NA,Detchd,1928,Unf,1,216,Fa,Fa,Y,0,0,0,0,0,0,NA,NA,NA,0,8,2007,WD,Normal
274,60,RL,93,10261,Pave,NA,IR1,Lvl,AllPub,Inside,Gtl,Gilbert,Norm,Norm,1Fam,2Story,6,5,2000,2000,Gable,CompShg,VinylSd,VinylSd,BrkFace,318,TA,TA,PConc,Gd,TA,No,Unf,0,Unf,0,936,936,GasA,Ex,Y,SBrkr,962,830,0,1792,1,0,2,1,3,1,TA,8,Typ,1,TA,Attchd,2000,Fin,2,451,TA,TA,Y,0,0,0,0,0,0,NA,NA,NA,0,5,2008,WD,Normal
275,20,RL,80,17400,Pave,NA,Reg,Low,AllPub,Inside,Mod,Mitchel,Norm,Norm,1Fam,1Story,5,5,1977,1977,Gable,CompShg,BrkFace,BrkFace,None,0,TA,TA,CBlock,TA,TA,No,ALQ,936,Unf,0,190,1126,GasA,Fa,Y,SBrkr,1126,0,0,1126,1,0,2,0,3,1,TA,5,Typ,1,Gd,Attchd,1977,RFn,2,484,TA,TA,P,295,41,0,0,0,0,NA,NA,NA,0,5,2006,WD,Normal
276,20,RL,80,8400,Pave,NA,Reg,Lvl,AllPub,Inside,Gtl,NAmes,Norm,Norm,1Fam,1Story,6,9,1962,2005,Gable,CompShg,Wd Sdng,Wd Sdng,BrkFace,237,Gd,Gd,CBlock,TA,TA,No,Unf,0,Unf,0,1319,1319,GasA,TA,Y,SBrkr,1537,0,0,1537,1,0,1,1,3,1,Gd,7,Typ,1,Gd,Attchd,1962,RFn,2,462,TA,TA,Y,0,36,0,0,0,0,NA,GdPrv,NA,0,7,2008,COD,Abnorml
277,20,RL,60,9000,Pave,NA,Reg,Lvl,AllPub,FR2,Gtl,NAmes,Norm,Norm,1Fam,1Story,4,6,1971,1971,Gable,CompShg,HdBoard,HdBoard,None,0,TA,TA,PConc,TA,TA,No,ALQ,616,Unf,0,248,864,GasA,TA,Y,SBrkr,864,0,0,864,0,0,1,0,3,1,TA,5,Typ,0,NA,Detchd,1974,Unf,2,528,TA,TA,Y,0,0,0,0,0,0,NA,GdWo,NA,0,5,2007,WD,Normal
278,20,RL,96,12444,Pave,NA,Reg,Lvl,AllPub,FR2,Gtl,NridgHt,Norm,Norm,1Fam,1Story,8,5,2008,2008,Hip,CompShg,VinylSd,VinylSd,Stone,426,Ex,TA,PConc,Ex,TA,Av,GLQ,1336,Unf,0,596,1932,GasA,Ex,Y,SBrkr,1932,0,0,1932,1,0,2,0,2,1,Ex,7,Typ,1,Gd,Attchd,2008,Fin,3,774,TA,TA,Y,0,66,0,304,0,0,NA,NA,NA,0,11,2008,New,Partial
279,20,RM,90,7407,Pave,NA,Reg,Lvl,AllPub,Inside,Gtl,OldTown,Artery,Norm,1Fam,1Story,6,7,1957,1996,Gable,CompShg,MetalSd,MetalSd,None,0,TA,TA,CBlock,TA,TA,No,GLQ,600,Unf,0,312,912,GasA,TA,Y,FuseA,1236,0,0,1236,1,0,1,0,2,1,TA,6,Typ,0,NA,Attchd,1957,Unf,2,923,TA,TA,Y,0,158,158,0,0,0,NA,MnPrv,NA,0,4,2010,WD,Normal
280,60,RL,80,11584,Pave,NA,Reg,Lvl,AllPub,Inside,Gtl,NWAmes,Norm,Norm,1Fam,SLvl,7,6,1979,1979,Hip,CompShg,HdBoard,HdBoard,BrkFace,96,TA,TA,CBlock,TA,TA,No,GLQ,315,Rec,110,114,539,GasA,TA,Y,SBrkr,1040,685,0,1725,0,0,2,1,3,1,TA,6,Typ,1,TA,Attchd,1979,RFn,2,550,TA,TA,Y,0,88,216,0,0,0,NA,NA,NA,0,11,2007,WD,Normal
281,70,RL,79,11526,Pave,NA,IR1,Bnk,AllPub,Inside,Mod,Crawfor,Norm,Norm,1Fam,2.5Fin,6,7,1922,1994,Gable,CompShg,MetalSd,MetalSd,None,0,TA,TA,BrkTil,Ex,TA,No,Unf,0,Unf,0,588,588,GasA,Fa,Y,SBrkr,1423,748,384,2555,0,0,2,0,3,1,TA,11,Min1,1,Gd,Detchd,1993,Fin,2,672,TA,TA,Y,431,0,0,0,0,0,NA,NA,NA,0,9,2008,WD,Normal
282,120,RM,NA,4426,Pave,NA,Reg,Lvl,AllPub,Inside,Gtl,CollgCr,Norm,Norm,TwnhsE,1Story,6,5,2004,2004,Gable,CompShg,VinylSd,VinylSd,BrkFace,147,Gd,TA,PConc,Gd,TA,Av,GLQ,697,Unf,0,151,848,GasA,Ex,Y,SBrkr,848,0,0,848,1,0,1,0,1,1,Gd,3,Typ,1,TA,Attchd,2004,RFn,2,420,TA,TA,Y,149,0,0,0,0,0,NA,NA,NA,0,5,2008,WD,Normal
283,60,FV,85,11003,Pave,NA,Reg,Lvl,AllPub,Inside,Gtl,Somerst,Norm,Norm,1Fam,2Story,10,5,2008,2008,Gable,CompShg,VinylSd,VinylSd,Stone,160,Ex,TA,PConc,Ex,TA,Av,GLQ,765,Unf,0,252,1017,GasA,Ex,Y,SBrkr,1026,981,0,2007,1,0,2,1,3,1,Ex,10,Typ,1,Ex,Attchd,2008,Fin,3,812,TA,TA,Y,168,52,0,0,0,0,NA,NA,NA,0,4,2009,WD,Normal
284,30,RL,NA,8854,Pave,NA,Reg,Lvl,AllPub,Inside,Gtl,BrkSide,Norm,Norm,1Fam,1.5Unf,6,6,1916,1950,Gable,CompShg,Wd Sdng,Wd Sdng,None,0,TA,TA,BrkTil,TA,TA,No,Unf,0,Unf,0,952,952,Grav,Fa,N,FuseF,952,0,0,952,0,0,1,0,2,1,Fa,4,Typ,1,Gd,Detchd,1916,Unf,1,192,Fa,Po,P,0,98,0,0,40,0,NA,NA,NA,0,5,2009,WD,Normal
285,20,RL,63,8500,Pave,NA,Reg,Lvl,AllPub,FR2,Gtl,CollgCr,Norm,Norm,1Fam,1Story,7,5,2004,2004,Gable,CompShg,VinylSd,VinylSd,BrkFace,106,Gd,TA,PConc,Gd,TA,Av,Unf,0,Unf,0,1422,1422,GasA,Ex,Y,SBrkr,1422,0,0,1422,0,0,2,0,3,1,Gd,7,Typ,0,NA,Attchd,2004,RFn,2,626,TA,TA,Y,192,60,0,0,0,0,NA,NA,NA,0,11,2007,WD,Normal
286,85,RL,70,8400,Pave,NA,Reg,Lvl,AllPub,Inside,Gtl,Sawyer,Norm,Norm,1Fam,SFoyer,6,5,1966,1966,Gable,CompShg,VinylSd,VinylSd,None,0,TA,TA,CBlock,TA,TA,Gd,LwQ,187,Rec,627,0,814,GasA,Gd,Y,SBrkr,913,0,0,913,1,0,1,0,3,1,TA,6,Typ,0,NA,Detchd,1990,Unf,1,240,TA,TA,Y,0,0,252,0,0,0,NA,NA,NA,0,5,2007,WD,Normal
287,20,RL,NA,26142,Pave,NA,IR1,Lvl,AllPub,CulDSac,Gtl,Mitchel,Norm,Norm,1Fam,1Story,5,7,1962,1962,Gable,CompShg,HdBoard,HdBoard,BrkFace,189,TA,TA,CBlock,TA,TA,No,Rec,593,Unf,0,595,1188,GasA,TA,Y,SBrkr,1188,0,0,1188,0,0,1,0,3,1,TA,6,Typ,0,NA,Attchd,1962,Unf,1,312,TA,TA,P,261,39,0,0,0,0,NA,NA,NA,0,4,2010,WD,Normal
288,60,RL,80,10000,Pave,NA,Reg,Lvl,AllPub,Inside,Gtl,CollgCr,Norm,Norm,1Fam,2Story,8,5,1995,1996,Gable,CompShg,VinylSd,VinylSd,BrkFace,438,Gd,TA,PConc,Gd,TA,No,GLQ,1079,Unf,0,141,1220,GasA,Ex,Y,SBrkr,1220,870,0,2090,1,0,2,1,3,1,Gd,8,Typ,1,TA,Attchd,1995,RFn,2,556,TA,TA,Y,0,65,0,0,0,0,NA,NA,NA,0,12,2007,WD,Normal
289,50,RL,70,11767,Pave,NA,Reg,Lvl,AllPub,Inside,Gtl,Edwards,Norm,Norm,1Fam,2Story,4,7,1910,2000,Gable,CompShg,MetalSd,HdBoard,None,0,TA,TA,CBlock,Fa,TA,No,Unf,0,Unf,0,560,560,GasA,Gd,N,SBrkr,796,550,0,1346,0,0,1,1,2,1,TA,6,Min2,0,NA,Detchd,1950,Unf,1,384,Fa,TA,Y,168,24,0,0,0,0,NA,GdWo,NA,0,5,2007,WD,Normal
290,180,RM,21,1533,Pave,NA,Reg,Lvl,AllPub,Inside,Gtl,MeadowV,Norm,Norm,Twnhs,SFoyer,5,7,1970,1970,Gable,CompShg,CemntBd,CmentBd,None,0,TA,TA,CBlock,Gd,TA,Av,GLQ,553,Unf,0,77,630,GasA,Ex,Y,SBrkr,630,0,0,630,1,0,1,0,1,1,Ex,3,Typ,0,NA,NA,NA,NA,0,0,NA,NA,Y,0,0,0,0,0,0,NA,NA,NA,0,8,2006,WD,Abnorml
291,90,RL,60,9000,Pave,NA,Reg,Lvl,AllPub,FR2,Gtl,NAmes,Norm,Norm,Duplex,2Story,5,5,1974,1974,Gable,CompShg,VinylSd,VinylSd,None,0,TA,TA,CBlock,Gd,TA,No,Unf,0,Unf,0,896,896,GasA,TA,Y,SBrkr,896,896,0,1792,0,0,2,2,4,2,TA,8,Typ,0,NA,NA,NA,NA,0,0,NA,NA,Y,32,45,0,0,0,0,NA,NA,NA,0,9,2009,WD,Normal
292,20,RL,78,9262,Pave,NA,Reg,Lvl,AllPub,Inside,Gtl,Somerst,Norm,Norm,1Fam,1Story,8,5,2008,2009,Gable,CompShg,CemntBd,CmentBd,Stone,194,Gd,TA,PConc,Gd,TA,No,Unf,0,Unf,0,1573,1573,GasA,Ex,Y,SBrkr,1578,0,0,1578,0,0,2,0,3,1,Ex,7,Typ,1,Gd,Attchd,2008,Fin,3,840,TA,TA,Y,0,36,0,0,0,0,NA,NA,NA,0,5,2009,New,Partial
293,180,RM,35,3675,Pave,NA,Reg,Lvl,AllPub,Inside,Gtl,Edwards,Norm,Norm,TwnhsE,SLvl,5,5,2005,2005,Gable,CompShg,VinylSd,VinylSd,BrkFace,80,TA,TA,PConc,Gd,TA,Gd,GLQ,547,Unf,0,0,547,GasA,Gd,Y,SBrkr,1072,0,0,1072,1,0,1,0,2,1,TA,5,Typ,0,NA,Basment,2005,Fin,2,525,TA,TA,Y,0,28,0,0,0,0,NA,NA,NA,0,5,2006,WD,Normal
294,20,RL,90,17217,Pave,NA,Reg,Lvl,AllPub,Inside,Gtl,Mitchel,Norm,Norm,1Fam,1Story,5,5,2006,2006,Gable,CompShg,VinylSd,VinylSd,None,0,TA,TA,PConc,Gd,TA,No,Unf,0,Unf,0,1140,1140,GasA,Ex,Y,SBrkr,1140,0,0,1140,0,0,1,0,3,1,TA,6,Typ,0,NA,NA,NA,NA,0,0,NA,NA,Y,36,56,0,0,0,0,NA,NA,NA,0,7,2006,WD,Abnorml
295,20,FV,62,7500,Pave,Pave,Reg,Lvl,AllPub,Inside,Gtl,Somerst,Norm,Norm,1Fam,1Story,7,5,2004,2005,Gable,CompShg,VinylSd,VinylSd,None,0,Gd,TA,PConc,Gd,TA,No,GLQ,410,Unf,0,811,1221,GasA,Ex,Y,SBrkr,1221,0,0,1221,1,0,2,0,2,1,Gd,6,Typ,0,NA,Attchd,2004,RFn,2,400,TA,TA,Y,0,113,0,0,0,0,NA,NA,NA,0,10,2009,WD,Normal
296,60,RL,62,7917,Pave,NA,Reg,Lvl,AllPub,Inside,Gtl,Gilbert,Norm,Norm,1Fam,2Story,6,5,1999,2000,Gable,CompShg,VinylSd,VinylSd,None,0,TA,TA,PConc,Gd,TA,No,Unf,0,Unf,0,953,953,GasA,Ex,Y,SBrkr,953,694,0,1647,0,0,2,1,3,1,TA,7,Typ,1,TA,Attchd,1999,RFn,2,460,TA,TA,Y,0,40,0,0,0,0,NA,NA,NA,0,8,2007,WD,Normal
297,20,RL,85,13175,Pave,NA,Reg,Lvl,AllPub,Inside,Gtl,NWAmes,Norm,Norm,1Fam,1Story,6,6,1978,1988,Gable,CompShg,Plywood,Plywood,Stone,119,TA,TA,CBlock,Gd,TA,No,ALQ,790,Rec,163,589,1542,GasA,TA,Y,SBrkr,2073,0,0,2073,1,0,2,0,3,1,TA,7,Min1,2,TA,Attchd,1978,Unf,2,500,TA,TA,Y,349,0,0,0,0,0,NA,MnPrv,NA,0,2,2010,WD,Normal
298,70,RL,66,9042,Pave,NA,Reg,Lvl,AllPub,Inside,Gtl,Crawfor,Norm,Norm,1Fam,2Story,7,9,1941,2006,Gable,CompShg,CemntBd,CmentBd,None,0,Ex,Gd,Stone,TA,Gd,No,GLQ,275,Unf,0,877,1152,GasA,Ex,Y,SBrkr,1188,1152,0,2340,0,0,2,0,4,1,Gd,9,Typ,2,Gd,Attchd,1941,RFn,1,252,TA,TA,Y,0,60,0,0,0,0,NA,GdPrv,Shed,2500,5,2010,WD,Normal
299,20,RL,68,9717,Pave,NA,Reg,Lvl,AllPub,Inside,Gtl,NAmes,Norm,Norm,1Fam,1Story,5,6,1950,1996,Hip,CompShg,MetalSd,MetalSd,None,0,TA,TA,CBlock,TA,TA,Mn,GLQ,49,Rec,1029,0,1078,GasA,Gd,Y,FuseA,1078,0,0,1078,1,0,1,0,2,1,Gd,5,Typ,0,NA,Attchd,1950,Unf,1,240,TA,TA,Y,366,0,112,0,0,0,NA,NA,NA,0,4,2010,WD,Normal
300,20,RL,75,9937,Pave,NA,Reg,Lvl,AllPub,Inside,Gtl,Edwards,Norm,Norm,1Fam,1Story,5,6,1965,1965,Gable,CompShg,HdBoard,HdBoard,None,0,Gd,TA,CBlock,TA,TA,No,BLQ,830,LwQ,290,136,1256,GasA,Gd,Y,SBrkr,1256,0,0,1256,1,0,1,1,3,1,TA,6,Typ,0,NA,Attchd,1965,Fin,1,276,TA,TA,Y,736,68,0,0,0,0,NA,NA,NA,0,6,2008,WD,Normal